timestamp,calibration valid,combined valid,combined origin x,combined origin y,combined origin z,combined direction x,combined direction y,combined direction z,left valid,left origin x,left origin y,left origin z,left direction x,left direction y,left direction z,right valid,right origin x,right origin y,right origin z,right direction x,right direction y,right direction z,left openness valid,left openness value,right openness valid,right openness value,vergence distance valid,vergence distance value,pose 00,pose 01,pose 02,pose 03,pose 10,pose 11,pose 12,pose 13,pose 20,pose 21,pose 22,pose 23,pose 30,pose 31,pose 32,pose 33
3013372062,True,True,0.03812942,-0.05599346,-0.042636707,-0.048899774,-0.011639072,0.99873585,True,0.0369176,-0.015145173,-0.040483095,-0.04910215,-0.04043027,0.9979751,True,0.038817573,-0.083968714,-0.044054516,-0.05021721,0.0008205164,0.998738,False,0.0,False,0.0,False,0.0,-0.18879128,-0.8600148,0.4740588,0.0,-0.9241115,-0.007728696,-0.38204417,0.0,0.3322277,-0.51021004,-0.7932904,0.0,-0.6636075,0.47647113,0.48103976,1.0
3013705403,True,True,0.038102224,-0.055529796,-0.042606138,-0.04789866,-0.01623711,0.9987202,True,0.0369683,-0.015188018,-0.040461082,-0.042661082,-0.04271918,0.998176,True,0.038879983,-0.08401554,-0.044071663,-0.043407485,-0.0020133383,0.9990554,False,0.0,False,0.0,False,0.0,-0.18539083,-0.86089146,0.4738102,0.0,-0.9254706,-0.0091331005,-0.37870944,0.0,0.3303551,-0.5087066,-0.79503655,0.0,-0.66562474,0.47648716,0.48169646,1.0
3014038743,True,True,0.038071707,-0.05487082,-0.04257022,-0.048205744,-0.021752298,0.99860054,True,0.036963444,-0.015215308,-0.040436838,-0.04564414,-0.045563746,0.9979181,True,0.038859498,-0.084096536,-0.04412463,-0.04642315,-0.010853554,0.9988629,False,0.0,False,0.0,False,0.0,-0.18176079,-0.8614285,0.4742409,0.0,-0.92657566,-0.01145637,-0.37593448,0.0,0.32927358,-0.50775003,-0.79609656,0.0,-0.66741794,0.47642544,0.4820813,1.0
3014705424,True,True,0.038032424,-0.054203402,-0.04254431,-0.04745725,-0.02770731,0.9984889,True,0.036997028,-0.01523208,-0.040455513,-0.040116247,-0.046174377,0.9981276,True,0.03889249,-0.08416783,-0.04417112,-0.040773805,-0.017418958,0.99901664,False,0.0,False,0.0,False,0.0,-0.17437446,-0.8622678,0.47548702,0.0,-0.92846745,-0.016839385,-0.3710321,0.0,0.32793584,-0.50617266,-0.7976513,0.0,-0.6704544,0.47604263,0.48189664,1.0
3015038764,True,True,0.0380063,-0.053587552,-0.04251099,-0.047048196,-0.031804606,0.9983861,True,0.03697512,-0.015261407,-0.04045658,-0.04372256,-0.05052713,0.9977652,True,0.03888279,-0.08417721,-0.04415951,-0.044269912,-0.01957704,0.99882776,False,0.0,False,0.0,False,0.0,-0.17105424,-0.8621299,0.47694063,0.0,-0.92943084,-0.019442081,-0.36848357,0.0,0.32695347,-0.50631404,-0.7979646,0.0,-0.6716535,0.4756745,0.48134544,1.0
3015372103,True,True,0.038011402,-0.053940117,-0.042534873,-0.04833021,-0.03319799,0.9982795,True,0.036951505,-0.0152644245,-0.040476657,-0.048269566,-0.048401143,0.99766093,True,0.03886084,-0.08420997,-0.044185847,-0.04876319,-0.020574551,0.9985984,False,0.0,False,0.0,False,0.0,-0.16824234,-0.8618761,0.47839728,0.0,-0.9304196,-0.021457434,-0.36586708,0.0,0.32559738,-0.50666463,-0.7982962,0.0,-0.67264485,0.4753471,0.48053297,1.0
3015705445,True,True,0.038002793,-0.05342923,-0.042502098,-0.048810717,-0.036687035,0.99813396,True,0.036964353,-0.01532807,-0.04044022,-0.047179908,-0.05571149,0.9973316,True,0.038872898,-0.08419505,-0.04414641,-0.047965102,-0.019599544,0.9986567,False,0.0,False,0.0,False,0.0,-0.16617227,-0.86152184,0.47975704,0.0,-0.93127847,-0.022846341,-0.36359102,0.0,0.32420233,-0.50720614,-0.7985203,0.0,-0.6733764,0.47503722,0.47953266,1.0
3016038784,True,True,0.037982296,-0.052554853,-0.04244986,-0.048981175,-0.039804373,0.99800617,True,0.036951434,-0.015323018,-0.04044865,-0.046864294,-0.053643495,0.9974599,True,0.038854487,-0.084245816,-0.044186335,-0.047682587,-0.023690162,0.9985816,False,0.0,False,0.0,False,0.0,-0.1641419,-0.86099,0.48140797,0.0,-0.9320175,-0.02449119,-0.36158484,0.0,0.3231112,-0.5080319,-0.7984377,0.0,-0.67379534,0.474702,0.47832358,1.0
3016372124,True,True,0.03798779,-0.052411057,-0.042443827,-0.047126263,-0.04117819,0.9980397,True,0.03697971,-0.015357386,-0.040448744,-0.04109648,-0.056623597,0.9975495,True,0.03887276,-0.08424525,-0.044195734,-0.042210102,-0.023055457,0.9988427,False,0.0,False,0.0,False,0.0,-0.16249597,-0.86061937,0.48262787,0.0,-0.9325178,-0.025921822,-0.36019275,0.0,0.32249933,-0.5085889,-0.7983308,0.0,-0.6738782,0.47445875,0.47688508,1.0
3017038804,True,True,0.037974723,-0.051813815,-0.042421363,-0.04580372,-0.043550882,0.99800056,True,0.036966376,-0.015365466,-0.040420476,-0.04312005,-0.056545205,0.9974685,True,0.03886207,-0.0842731,-0.0442091,-0.043899987,-0.02517115,0.9987188,False,0.0,False,0.0,False,0.0,-0.16061723,-0.85935044,0.48550922,0.0,-0.9330139,-0.028285861,-0.35872716,0.0,0.32200527,-0.5106045,-0.79724276,0.0,-0.6733016,0.4739962,0.47381598,1.0
3017372145,True,True,0.03796532,-0.051454466,-0.0424027,-0.047009215,-0.044543073,0.9979008,True,0.036971685,-0.015369651,-0.040419582,-0.04748799,-0.058693156,0.997146,True,0.038869034,-0.08423183,-0.04417385,-0.04818472,-0.022314593,0.9985892,False,0.0,False,0.0,False,0.0,-0.15972543,-0.85884875,0.4866894,0.0,-0.9331257,-0.029521465,-0.3583362,0.0,0.32212442,-0.5113778,-0.79669845,0.0,-0.6727809,0.47373855,0.47216567,1.0
3017705485,True,True,0.037953883,-0.051063832,-0.04238552,-0.047846157,-0.044441015,0.99786544,True,0.03694165,-0.015334302,-0.040459264,-0.04760636,-0.053824306,0.99741495,True,0.03884997,-0.08426104,-0.04421108,-0.048281074,-0.024258018,0.9985392,False,0.0,False,0.0,False,0.0,-0.15909493,-0.857629,0.4890411,0.0,-0.9333834,-0.030742526,-0.35756153,0.0,0.32168955,-0.5133491,-0.79560566,0.0,-0.6721977,0.47330385,0.47053254,1.0
3018038825,True,True,0.03789558,-0.049220763,-0.04228466,-0.048907716,-0.046325885,0.9977283,True,0.03693305,-0.015373166,-0.040399265,-0.049167972,-0.05728292,0.9971465,True,0.038806804,-0.08429542,-0.044238307,-0.049761463,-0.02764518,0.9983785,False,0.0,False,0.0,False,0.0,-0.15875244,-0.856353,0.49138314,0.0,-0.933706,-0.031555414,-0.35664755,0.0,0.32092196,-0.515426,-0.79457235,0.0,-0.6715578,0.47291425,0.4689383,1.0
3018372166,True,True,0.037894435,-0.049284548,-0.042290162,-0.04761069,-0.045841847,0.9978134,True,0.036951683,-0.0153770475,-0.040460218,-0.04327219,-0.059589084,0.99728477,True,0.03885325,-0.08424308,-0.044205293,-0.04408484,-0.023512617,0.99875104,False,0.0,False,0.0,False,0.0,-0.15826774,-0.85562354,0.49280792,0.0,-0.9341454,-0.031940103,-0.35546058,0.0,0.31988078,-0.51661223,-0.79422164,0.0,-0.6708253,0.47261202,0.46740183,1.0
3018705505,True,True,0.037873395,-0.048280668,-0.042236783,-0.04299425,-0.044921428,0.9980648,True,0.037015982,-0.015342562,-0.04050127,-0.032605927,-0.057869766,0.9977915,True,0.038933378,-0.08418586,-0.044175684,-0.03364143,-0.019493358,0.99924386,False,0.0,False,0.0,False,0.0,-0.15836251,-0.8547532,0.4942855,0.0,-0.93447834,-0.03191614,-0.3545863,0.0,0.31885955,-0.5180523,-0.793694,0.0,-0.66990876,0.472426,0.46598202,1.0
3019038845,True,True,0.037857465,-0.04765286,-0.042207148,-0.042988684,-0.044644583,0.99807745,True,0.036969204,-0.015306494,-0.04050735,-0.04180845,-0.05438479,0.9976445,True,0.03890163,-0.08417684,-0.04414493,-0.042714566,-0.018746452,0.9989114,False,0.0,False,0.0,False,0.0,-0.15907645,-0.8544625,0.49455872,0.0,-0.93450725,-0.031244636,-0.35457,0.0,0.3184192,-0.51857245,-0.79353106,0.0,-0.66873354,0.4724117,0.46466163,1.0
3019372185,True,True,0.03788823,-0.048555516,-0.042258035,-0.04221837,-0.042493977,0.9982043,True,0.03699754,-0.015296893,-0.040509105,-0.039561454,-0.053897124,0.99776256,True,0.03892026,-0.084187366,-0.044169527,-0.040359534,-0.020492945,0.998975,False,0.0,False,0.0,False,0.0,-0.16043258,-0.85455453,0.49396142,0.0,-0.93430495,-0.029922247,-0.35521656,0.0,0.31833234,-0.51849896,-0.7936139,0.0,-0.66740197,0.47254825,0.46335882,1.0
3019705525,True,True,0.03788852,-0.04845513,-0.042253945,-0.04200685,-0.040158063,0.9983099,True,0.036999714,-0.0152964275,-0.040480472,-0.040627595,-0.050855987,0.99787927,True,0.03890946,-0.08417305,-0.04418557,-0.041243576,-0.015895253,0.99902266,False,0.0,False,0.0,False,0.0,-0.16231537,-0.854331,0.4937333,0.0,-0.93400574,-0.028362036,-0.35613096,0.0,0.3182569,-0.5189551,-0.79334664,0.0,-0.6659689,0.47271535,0.46218956,1.0
3020372206,True,True,0.037922964,-0.049338464,-0.04230357,-0.041601818,-0.035200004,0.998514,True,0.037027054,-0.015242474,-0.040528994,-0.039024938,-0.0472073,0.9981226,True,0.038939845,-0.08413128,-0.04415558,-0.039859697,-0.013056051,0.99911994,False,0.0,False,0.0,False,0.0,-0.16448915,-0.85427254,0.49311447,0.0,-0.9332647,-0.027048469,-0.35816956,0.0,0.3193124,-0.5191213,-0.7928133,0.0,-0.6629385,0.47312567,0.4599948,1.0
3020705547,True,True,0.037937663,-0.04962045,-0.042322952,-0.040579796,-0.0339218,0.99860024,True,0.037026383,-0.015249541,-0.04052132,-0.037628096,-0.048270047,0.99812526,True,0.038946077,-0.08411206,-0.044140864,-0.03868896,-0.011336726,0.999187,False,0.0,False,0.0,False,0.0,-0.16602707,-0.8536457,0.49368364,0.0,-0.932799,-0.026441813,-0.359425,0.0,0.31987566,-0.5201821,-0.79188967,0.0,-0.6613569,0.4731822,0.45898104,1.0
3021038886,True,True,0.03796409,-0.05033762,-0.042362362,-0.040745422,-0.03125666,0.9986805,True,0.036992185,-0.015216048,-0.040531643,-0.04015942,-0.04478145,0.9981893,True,0.038919844,-0.08409783,-0.044151325,-0.041017435,-0.009855995,0.99910975,False,0.0,False,0.0,False,0.0,-0.16851604,-0.85301346,0.4939331,0.0,-0.93193144,-0.025360227,-0.36174607,0.0,0.32110068,-0.521272,-0.79067636,0.0,-0.6595321,0.4732381,0.458104,1.0
3021372226,True,True,0.038014058,-0.05178509,-0.042442285,-0.040998057,-0.02764629,0.9987766,True,0.036991287,-0.015184786,-0.0405654,-0.040620983,-0.042860102,0.99825495,True,0.038933687,-0.08403469,-0.04409728,-0.041366205,-0.004352976,0.9991346,False,0.0,False,0.0,False,0.0,-0.17220724,-0.8528935,0.49286705,0.0,-0.930511,-0.023346782,-0.36551976,0.0,0.32325608,-0.5215631,-0.78960633,0.0,-0.6574622,0.47340912,0.45730215,1.0
3021705567,True,True,0.038024783,-0.05197019,-0.04245483,-0.042770818,-0.023904894,0.99879885,True,0.03697864,-0.015125514,-0.04063292,-0.045138955,-0.0388333,0.99822557,True,0.038919434,-0.08395386,-0.0440831,-0.046086133,0.0026438138,0.99893403,False,0.0,False,0.0,False,0.0,-0.17808473,-0.85270506,0.49110097,0.0,-0.9280843,-0.020313978,-0.37181598,0.0,0.32702547,-0.5219977,-0.7877648,0.0,-0.6549537,0.47363096,0.45679942,1.0
3022038908,True,True,0.038029015,-0.052329566,-0.04247829,-0.04427433,-0.019448534,0.99882996,True,0.036963806,-0.01507909,-0.040542398,-0.046122868,-0.02904499,0.99851346,True,0.038858507,-0.08396793,-0.044196215,-0.04686389,0.005231073,0.9988876,False,0.0,False,0.0,False,0.0,-0.185539,-0.852376,0.48890746,0.0,-0.9245343,-0.017124891,-0.380714,0.0,0.33288395,-0.52264893,-0.7848735,0.0,-0.6519883,0.47394353,0.45660663,1.0
3022705587,True,True,0.03806663,-0.053428873,-0.042544857,-0.04078297,-0.0025723819,0.99916464,True,0.03707222,-0.01492976,-0.04051626,-0.036260646,-0.010938277,0.99928254,True,0.038901854,-0.0836856,-0.044170793,-0.03792954,0.037955236,0.9985593,False,0.0,False,0.0,False,0.0,-0.20408952,-0.85444456,0.4777787,0.0,-0.91279703,-0.010273099,-0.40828478,0.0,0.3537648,-0.5194414,-0.7778379,0.0,-0.6444787,0.47520792,0.45704353,1.0
3023038928,True,True,0.038091376,-0.0542463,-0.042596303,-0.040202644,0.011139346,0.9991293,True,0.03703534,-0.014725295,-0.04060732,-0.03821832,0.010292094,0.99921644,True,0.038897023,-0.08358588,-0.04418294,-0.0391707,0.048977964,0.9980315,False,0.0,False,0.0,False,0.0,-0.21545124,-0.85575426,0.47038883,0.0,-0.90416336,-0.0071433783,-0.42712736,0.0,0.36887616,-0.5173334,-0.7722025,0.0,-0.64003515,0.47607604,0.45784676,1.0
3023372267,True,True,0.038291045,-0.06008265,-0.042970836,-0.03972161,0.05943883,0.99744123,True,0.037046798,-0.014504654,-0.040657446,-0.039423723,0.03179414,0.99871665,True,0.038926203,-0.083349034,-0.044151757,-0.03986192,0.073533274,0.99649584,False,0.0,False,0.0,False,0.0,-0.2292701,-0.8580975,0.4594604,0.0,-0.8917782,-0.003993869,-0.45245513,0.0,0.39008567,-0.5134712,-0.7643169,0.0,-0.63464355,0.47724617,0.4591359,1.0
3023705608,True,False,0.038291045,-0.06008265,-0.042970836,-0.03972161,0.05943883,0.99744123,True,0.036958233,-0.014372408,-0.040663324,-0.03684463,0.059173923,0.99756753,True,0.03888571,-0.083171256,-0.04428982,-0.037164077,0.106245995,0.99364513,False,0.0,False,0.0,False,0.0,-0.24621391,-0.8606546,0.4457047,0.0,-0.8745457,-0.0009480715,-0.48494244,0.0,0.4177904,-0.5091886,-0.7524483,0.0,-0.62815416,0.47852367,0.46105832,1.0
3024038947,True,False,0.038291045,-0.06008265,-0.042970836,-0.03972161,0.05943883,0.99744123,False,0.036958233,-0.014372408,-0.040663324,-0.03684463,0.059173923,0.99756753,False,0.03888571,-0.083171256,-0.04428982,-0.037164077,0.106245995,0.99364513,False,0.0,False,0.0,False,0.0,-0.26983047,-0.8637854,0.42551887,0.0,-0.84634435,0.0019961596,-0.5326324,0.0,0.45923072,-0.5038559,-0.7315986,0.0,-0.61937284,0.48023137,0.4641466,1.0
3024705628,True,False,0.038291045,-0.06008265,-0.042970836,-0.03972161,0.05943883,0.99744123,False,0.036958233,-0.014372408,-0.040663324,-0.03684463,0.059173923,0.99756753,False,0.03888571,-0.083171256,-0.04428982,-0.037164077,0.106245995,0.99364513,False,0.0,False,0.0,False,0.0,-0.32587242,-0.8730282,0.3628064,0.0,-0.738038,-0.004918337,-0.67474097,0.0,0.5908525,-0.4876446,-0.6427252,0.0,-0.5931603,0.4837612,0.4756605,1.0
3025038969,True,False,0.038291045,-0.06008265,-0.042970836,-0.03972161,0.05943883,0.99744123,True,0.03921569,-0.018876687,-0.041051663,0.2572458,-0.33047542,0.9080807,False,0.03888571,-0.083171256,-0.04428982,-0.037164077,0.106245995,0.99364513,False,0.0,False,0.0,False,0.0,-0.35625172,-0.8767798,0.32302022,0.0,-0.6572077,-0.010616183,-0.7536348,0.0,0.66420096,-0.480775,-0.57244444,0.0,-0.57768923,0.48521346,0.48488146,1.0
3025372308,True,False,0.038291045,-0.06008265,-0.042970836,-0.03972161,0.05943883,0.99744123,True,0.038602643,-0.018965753,-0.04274804,0.03267558,-0.47315198,0.8803747,False,0.03888571,-0.083171256,-0.04428982,-0.037164077,0.106245995,0.99364513,False,0.0,False,0.0,False,0.0,-0.3840871,-0.88023806,0.27867246,0.0,-0.56432414,-0.015076876,-0.8254158,0.0,0.7307638,-0.47429305,-0.4909488,0.0,-0.56246895,0.48642758,0.49617144,1.0
3026038989,True,True,0.039880782,-0.04293805,-0.046128575,-0.78844136,0.026724476,0.61452895,True,0.03567346,-0.017795425,-0.044137973,-0.7253764,-0.35679018,0.5886677,True,0.045607436,-0.07716007,-0.048838016,-0.6778668,0.54207486,0.49664024,False,0.0,False,0.0,False,0.0,-0.4292065,-0.88303757,0.18980601,0.0,-0.3689377,-0.02041018,-0.92923,0.0,0.824419,-0.46885815,-0.31702566,0.0,-0.53681076,0.48747346,0.5220823,1.0
3026372329,True,False,0.039880782,-0.04293805,-0.046128575,-0.78844136,0.026724476,0.61452895,True,0.04046809,-0.017396377,-0.041818492,0.3531958,-0.25624928,0.8997717,False,0.045607436,-0.07716007,-0.048838016,-0.6778668,0.54207486,0.49664024,False,0.0,False,0.0,False,0.0,-0.44395185,-0.8831798,0.15132645,0.0,-0.2836374,-0.021686316,-0.9586861,0.0,0.84997416,-0.46853265,-0.24087489,0.0,-0.5275074,0.48739704,0.53443485,1.0
3027039010,True,True,0.04051768,-0.016464677,-0.04136268,0.36063886,-0.15955408,0.91895694,True,0.040517688,-0.01646468,-0.04136268,0.36063892,-0.15955403,0.9189571,False,0.045607436,-0.07716007,-0.048838016,-0.6778668,0.54207486,0.49664024,False,0.0,False,0.0,False,0.0,-0.4668082,-0.8795933,0.091685206,0.0,-0.15143698,-0.022637963,-0.9882078,0.0,0.8712964,-0.4751878,-0.1226356,0.0,-0.5151254,0.4854437,0.55522466,1.0
3027372349,True,True,0.040486004,-0.016382106,-0.041215703,0.35913876,-0.15217714,0.9207938,True,0.040454328,-0.016299533,-0.041068725,0.3562956,-0.13845289,0.92405856,False,0.045607436,-0.07716007,-0.048838016,-0.6778668,0.54207486,0.49664024,False,0.0,False,0.0,False,0.0,-0.47737813,-0.8759501,0.06943795,0.0,-0.10615653,-0.020952702,-0.9941287,0.0,0.872262,-0.48194656,-0.08298552,0.0,-0.5111002,0.483921,0.5632249,1.0
3028039030,True,False,0.040486004,-0.016382106,-0.041215703,0.35913876,-0.15217714,0.9207938,True,0.038715076,-0.017138878,-0.04011534,-0.17974682,-0.24358146,0.95307887,False,0.045607436,-0.07716007,-0.048838016,-0.6778668,0.54207486,0.49664024,False,0.0,False,0.0,False,0.0,-0.49242163,-0.86958635,0.036610693,0.0,-0.046367854,-0.01579392,-0.99879956,0.0,0.8691207,-0.49352816,-0.03254354,0.0,-0.50442594,0.48140895,0.57544214,1.0
3028372369,True,False,0.040486004,-0.016382106,-0.041215703,0.35913876,-0.15217714,0.9207938,True,0.041202966,-0.015918924,-0.041589465,0.4649355,-0.073805094,0.8822628,False,0.045607436,-0.07716007,-0.048838016,-0.6778668,0.54207486,0.49664024,False,0.0,False,0.0,False,0.0,-0.49752212,-0.8670838,0.025249451,0.0,-0.028630197,-0.012678027,-0.9995097,0.0,0.86697876,-0.498001,-0.018517256,0.0,-0.5010124,0.48065612,0.5798738,1.0
3029039050,True,True,0.040946826,-0.015513897,-0.041868668,0.429563,-0.050962586,0.9015977,True,0.04094683,-0.015513902,-0.041868664,0.429563,-0.050962564,0.90159774,False,0.045607436,-0.07716007,-0.048838016,-0.6778668,0.54207486,0.49664024,False,0.0,False,0.0,False,0.0,-0.5068873,-0.8619604,0.009443283,0.0,-0.009718001,-0.0052399635,-0.9999389,0.0,0.8619574,-0.5069483,-0.0057202578,0.0,-0.49262452,0.48004898,0.58618253,1.0
3029372392,True,True,0.04098265,-0.015548106,-0.041791067,0.42848483,-0.05385229,0.9019426,True,0.041018475,-0.015582313,-0.041713465,0.42647165,-0.05921748,0.9025604,False,0.045607436,-0.07716007,-0.048838016,-0.6778668,0.54207486,0.49664024,False,0.0,False,0.0,False,0.0,-0.5099542,-0.8601934,0.0037430823,0.0,-0.005116582,-0.0013180971,-0.99998605,0.0,0.86018634,-0.50996625,-0.003729105,0.0,-0.48727018,0.48027164,0.58851874,1.0
3029705732,True,True,0.042812996,-0.014828194,-0.042981472,-0.5681352,-0.25188887,0.78343743,True,0.042813003,-0.014828194,-0.042981472,-0.5681352,-0.25188887,0.78343755,False,0.045607436,-0.07716007,-0.048838016,-0.6778668,0.54207486,0.49664024,False,0.0,False,0.0,False,0.0,-0.51230836,-0.85880136,-0.00059372187,0.0,-0.0028621256,0.0023987293,-0.999993,0.0,0.85879683,-0.51230305,-0.003686905,0.0,-0.48100755,0.4804734,0.5903356,1.0
3030039070,True,True,0.044168,-0.030372694,-0.03989329,-0.57451373,-0.23847973,0.78298223,True,0.04407986,-0.0175443,-0.036126733,-0.51057464,-0.5053878,0.6956269,True,0.047257613,-0.08002025,-0.03762047,-0.59996223,0.16542721,0.78273815,False,0.0,False,0.0,False,0.0,-0.5133816,-0.8581463,-0.004959762,0.0,-0.0012919605,0.0065522194,-0.9999778,0.0,0.8581597,-0.5133636,-0.0044727325,0.0,-0.47361833,0.48057145,0.5918476,1.0
3030705752,True,True,0.041387416,-0.015623298,-0.041908644,0.46882957,-0.059791967,0.88126254,True,0.04138742,-0.015623301,-0.041908644,0.46882963,-0.059791923,0.8812626,False,0.047257613,-0.08002025,-0.03762047,-0.59996223,0.16542721,0.78273815,False,0.0,False,0.0,False,0.0,-0.5123,-0.85862976,-0.017436862,0.0,0.0052138567,0.017193496,-0.9998387,0.0,0.858791,-0.5123081,-0.004331708,0.0,-0.45492843,0.4800319,0.5945033,1.0
3031039091,True,True,0.041402023,-0.015627641,-0.041874856,0.4652532,-0.056974232,0.8833421,True,0.041416634,-0.015631977,-0.041841075,0.45858043,-0.051737607,0.8871456,False,0.047257613,-0.08002025,-0.03762047,-0.59996223,0.16542721,0.78273815,False,0.0,False,0.0,False,0.0,-0.51747763,-0.85528105,-0.026667893,0.0,0.01251024,0.023599982,-0.9996432,0.0,0.85560524,-0.51762664,-0.0015126467,0.0,-0.44368717,0.4782266,0.5958835,1.0
3031705772,True,False,0.041402023,-0.015627641,-0.041874856,0.4652532,-0.056974232,0.8833421,True,0.037092797,-0.016641615,-0.042180475,-0.5478972,-0.3070415,0.77816075,False,0.047257613,-0.08002025,-0.03762047,-0.59996223,0.16542721,0.78273815,False,0.0,False,0.0,False,0.0,-0.5416589,-0.83903956,-0.05117452,0.0,0.033795148,0.039093018,-0.9986641,0.0,0.8399191,-0.54266447,0.0071801543,0.0,-0.41738343,0.4709151,0.5978227,1.0
3032039113,True,True,0.043639693,-0.054699864,-0.044128522,-0.46982303,-0.26738197,0.84129256,True,0.04291515,-0.015821792,-0.04103949,-0.46030036,-0.3379211,0.82093424,True,0.0441791,-0.08364337,-0.04642821,-0.47524062,-0.21391627,0.85345536,False,0.0,False,0.0,False,0.0,-0.5593667,-0.82640326,-0.06455219,0.0,0.04660365,0.0463984,-0.99783546,0.0,0.8276095,-0.5611641,0.012559414,0.0,-0.40240932,0.46560833,0.597935,1.0
3032705793,True,True,0.04158148,-0.04089118,-0.043151557,0.4369286,-0.062436536,0.8973265,True,0.04081595,-0.01575887,-0.041660354,0.43433133,-0.0690914,0.8980996,True,0.042622868,-0.08473453,-0.04572403,0.43226674,-0.046596643,0.90054107,False,0.0,False,0.0,False,0.0,-0.5968337,-0.79762745,-0.08706188,0.0,0.07014844,0.056219876,-0.99595094,0.0,0.79929245,-0.6005244,0.022398591,0.0,-0.3691299,0.4534073,0.5951612,1.0
3033039132,True,True,0.041536603,-0.04172537,-0.04319357,0.4315743,-0.06722835,0.8995686,True,0.04069806,-0.01596377,-0.041572984,0.42250854,-0.08691423,0.90218216,True,0.042579222,-0.08487499,-0.045855395,0.42045662,-0.059870865,0.90533525,False,0.0,False,0.0,False,0.0,-0.61327374,-0.78408766,-0.09540206,0.0,0.083042175,0.056108832,-0.99496514,0.0,0.78549284,-0.6181086,0.030702472,0.0,-0.35030007,0.44767132,0.5926845,1.0
3033372472,True,True,0.0415462,-0.04336189,-0.04328333,0.42622536,-0.06821356,0.90204144,True,0.040694132,-0.015888505,-0.04162618,0.4178165,-0.085726425,0.90447795,True,0.04256701,-0.08474151,-0.045722153,0.41575736,-0.05147993,0.9080174,False,0.0,False,0.0,False,0.0,-0.6253824,-0.7739635,-0.09938532,0.0,0.09507078,0.050842762,-0.9941713,0.0,0.7745053,-0.6311858,0.04178512,0.0,-0.3296558,0.4423682,0.5895703,1.0
3033705814,True,True,0.041541714,-0.043885104,-0.043322995,0.42007482,-0.06479761,0.90517306,True,0.040691826,-0.015687015,-0.041829653,0.41057023,-0.06977787,0.90915513,True,0.042585466,-0.08463338,-0.045589905,0.40853655,-0.042881228,0.9117341,False,0.0,False,0.0,False,0.0,-0.63589096,-0.7654017,-0.09901014,0.0,0.10478765,0.04147601,-0.9936294,0.0,0.7646322,-0.64221495,0.053830385,0.0,-0.30761784,0.43705216,0.58590317,1.0
3034039153,True,True,0.04155547,-0.044228833,-0.043335807,0.41817546,-0.06073065,0.9063338,True,0.040847894,-0.015804127,-0.041480783,0.41733837,-0.06587792,0.90636015,True,0.0426223,-0.084696874,-0.04586681,0.41478583,-0.036519267,0.909186,False,0.0,False,0.0,False,0.0,-0.6477015,-0.7558762,-0.09556803,0.0,0.11223236,0.02940923,-0.99324644,0.0,0.753582,-0.65405345,0.065785766,0.0,-0.284437,0.43072444,0.58146185,1.0
3034372493,True,True,0.041521862,-0.043156765,-0.043261938,0.41509753,-0.053994097,0.90817314,True,0.040771235,-0.015702944,-0.041448686,0.4117917,-0.049182963,0.90994984,True,0.042571496,-0.08463897,-0.04594147,0.40931028,-0.024714353,0.91206044,False,0.0,False,0.0,False,0.0,-0.6611277,-0.7448109,-0.09037116,0.0,0.117796004,0.01591307,-0.9929103,0.0,0.74096847,-0.6670858,0.077215135,0.0,-0.26003104,0.42321706,0.5765062,1.0
3035039174,True,True,0.041597,-0.045562975,-0.04342646,0.41142496,-0.03401392,0.9108087,True,0.04079938,-0.01533268,-0.04210933,0.40966386,-0.03390877,0.91160613,True,0.042752154,-0.08425948,-0.045621485,0.4070911,-0.0027215919,0.9133836,False,0.0,False,0.0,False,0.0,-0.68698764,-0.72288084,-0.07409924,0.0,0.12137064,-0.013605952,-0.99251384,0.0,0.7164611,-0.6908385,0.097083926,0.0,-0.20888926,0.40369818,0.56505334,1.0
3035372514,True,True,0.04157096,-0.044674188,-0.043394133,0.4060522,-0.030293755,0.9133476,True,0.0407524,-0.015381974,-0.041944113,0.39891765,-0.037106324,0.9162357,True,0.04264184,-0.08425089,-0.045692887,0.3962549,-0.0010992668,0.91813993,False,0.0,False,0.0,False,0.0,-0.7038288,-0.70764315,-0.06218019,0.0,0.11713812,-0.029280186,-0.99268395,0.0,0.7006453,-0.7059632,0.10350013,0.0,-0.18385084,0.39090124,0.5589161,1.0
3035705854,True,True,0.04153102,-0.044509877,-0.04339431,0.40177414,-0.024137665,0.9154206,True,0.04059445,-0.015411178,-0.04189159,0.39733016,-0.031955734,0.9171191,True,0.04258164,-0.08421024,-0.045597527,0.39439917,0.011296449,0.9188699,False,0.0,False,0.0,False,0.0,-0.72070503,-0.6915437,-0.048490107,0.0,0.1094304,-0.044416904,-0.9930015,0.0,0.6845502,-0.7209676,0.10768753,0.0,-0.15961838,0.37656462,0.5529866,1.0
3036039193,True,True,0.041523565,-0.04477927,-0.043430723,0.3972422,-0.018242657,0.91753244,True,0.040591333,-0.01537403,-0.04200202,0.3925857,-0.029623961,0.9192382,True,0.042576242,-0.08410675,-0.04562948,0.38962606,0.02106352,0.9207323,False,0.0,False,0.0,False,0.0,-0.7357397,-0.6764432,-0.033346444,0.0,0.09966609,-0.059439063,-0.99324405,0.0,0.6698911,-0.7340925,0.11115003,0.0,-0.13629194,0.3608371,0.54787797,1.0
3036372534,True,True,0.041542143,-0.045938227,-0.04352634,0.38603967,-0.013055747,0.92238975,True,0.040436894,-0.015264061,-0.042222247,0.36958778,-0.024437739,0.9288745,True,0.04251212,-0.0841965,-0.04571322,0.36711085,0.005746744,0.9301595,False,0.0,False,0.0,False,0.0,-0.7522155,-0.658645,-0.018928736,0.0,0.08837837,-0.072383046,-0.99345344,0.0,0.65296304,-0.74896413,0.112657785,0.0,-0.114243284,0.34363735,0.543635,1.0
3036705874,True,False,0.041542143,-0.045938227,-0.04352634,0.38603967,-0.013055747,0.92238975,True,0.04037423,-0.015542723,-0.041682772,0.3657444,-0.027827028,0.9302993,True,0.042389605,-0.08430784,-0.045805726,0.3629879,0.016245112,0.9316522,False,0.0,False,0.0,False,0.0,-0.76956534,-0.6384989,-0.00937596,0.0,0.08001444,-0.081851244,-0.99342734,0.0,0.6335349,-0.76525766,0.11407924,0.0,-0.09333821,0.32519555,0.54063356,1.0
3037039214,True,True,0.04148349,-0.04467487,-0.043490253,0.37527728,-0.011380882,0.9268427,True,0.040370766,-0.015329659,-0.042133022,0.3598775,-0.024066752,0.93268913,True,0.04246443,-0.084160715,-0.045721263,0.3573811,0.016174508,0.93381864,False,0.0,False,0.0,False,0.0,-0.7853627,-0.6190313,-0.0022041798,0.0,0.07405618,-0.09041834,-0.9931465,0.0,0.6145896,-0.7801438,0.11685461,0.0,-0.07318218,0.30523545,0.53894657,1.0
3037705896,True,True,0.041456707,-0.045988988,-0.04365477,0.35948586,0.0002592113,0.9331504,True,0.04011766,-0.015396192,-0.041967776,0.34998184,-0.0191824,0.9365601,True,0.042159796,-0.08417452,-0.04600934,0.34707576,0.024329847,0.9375215,False,0.0,False,0.0,False,0.0,-0.83305323,-0.5531925,0.00065109134,0.0,0.06419484,-0.09783995,-0.99312955,0.0,0.5494555,-0.827288,0.117017984,0.0,-0.03869763,0.26024842,0.5383818,1.0
3038705916,True,False,0.041456707,-0.045988988,-0.04365477,0.35948586,0.0002592113,0.9331504,True,0.039709922,-0.015606507,-0.04196397,0.27787703,-0.04335008,0.95963806,True,0.04182112,-0.084329136,-0.04577759,0.27551335,0.0062859133,0.9612767,False,0.0,False,0.0,False,0.0,-0.8808682,-0.47292793,-0.020237163,0.0,0.06676926,-0.08181119,-0.99440855,0.0,0.46862805,-0.8772945,0.103642404,0.0,0.00803408,0.1873036,0.5427765,1.0
3039039256,True,False,0.041456707,-0.045988988,-0.04365477,0.35948586,0.0002592113,0.9331504,True,0.039358255,-0.015537604,-0.04168137,0.2515054,-0.048520017,0.9666389,True,0.041438784,-0.08429619,-0.04553986,0.24943815,-0.0030762104,0.96838576,False,0.0,False,0.0,False,0.0,-0.89574265,-0.44360393,-0.02933766,0.0,0.0712022,-0.078009486,-0.9944068,0.0,0.43883413,-0.89282143,0.10146195,0.0,0.021707818,0.1601764,0.54523987,1.0
3039372596,True,True,0.040894017,-0.060521636,-0.04426626,0.27601975,-0.0056154653,0.9611355,True,0.039277628,-0.015657837,-0.041510645,0.23456737,-0.05667747,0.9704463,True,0.041289393,-0.08434212,-0.045522556,0.23244399,-0.003980934,0.9726016,False,0.0,False,0.0,False,0.0,-0.90591455,-0.42219067,-0.0327722,0.0,0.07065754,-0.074398756,-0.99472225,0.0,0.41752422,-0.90344894,0.09722984,0.0,0.034930646,0.13151973,0.5472976,1.0
3039705936,True,True,0.04058365,-0.051254574,-0.043753967,0.23075287,-0.027617142,0.9726203,True,0.039542012,-0.0158261,-0.041627634,0.23178984,-0.056934386,0.97109836,True,0.04156004,-0.08446376,-0.045747094,0.22960006,-0.00011464171,0.973285,False,0.0,False,0.0,False,0.0,-0.91368985,-0.40498212,-0.034059778,0.0,0.0687983,-0.0715307,-0.9950628,0.0,0.40054637,-0.91152215,0.0932191,0.0,0.047192246,0.101322345,0.5495361,1.0
3040372617,True,True,0.040329095,-0.049823318,-0.04354798,0.21180552,-0.03370055,0.9767305,True,0.03904986,-0.015750812,-0.04159567,0.19307557,-0.07295835,0.97846764,True,0.041223638,-0.08433059,-0.04537111,0.19102688,-0.008759385,0.9815458,False,0.0,False,0.0,False,0.0,-0.9298843,-0.366301,-0.03374742,0.0,0.0623243,-0.06646824,-0.9958402,0.0,0.36253417,-0.9281194,0.084637105,0.0,0.06605619,0.036007825,0.5552177,1.0
3040705957,True,True,0.04045009,-0.05200746,-0.043784074,0.21850353,-0.040540844,0.9749936,True,0.039488725,-0.015985295,-0.042097356,0.23383081,-0.09100406,0.96800905,True,0.041622408,-0.08457794,-0.045955975,0.23169243,-0.02923263,0.9723497,False,0.0,False,0.0,False,0.0,-0.9343841,-0.35472178,-0.033150896,0.0,0.0594192,-0.06341565,-0.99621683,0.0,0.35127753,-0.93281883,0.08033168,0.0,0.07289514,0.0016833171,0.5586142,1.0
3041039297,True,True,0.04038693,-0.049971674,-0.04369791,0.22077624,-0.048789598,0.9741034,True,0.039293863,-0.015889581,-0.041910674,0.22664505,-0.08735196,0.97005236,True,0.041515484,-0.08445799,-0.045724023,0.22457989,-0.022753809,0.97419,False,0.0,False,0.0,False,0.0,-0.9414427,-0.33568758,-0.031627715,0.0,0.055170223,-0.06082666,-0.99662274,0.0,0.33263,-0.94000775,0.075784266,0.0,0.0772087,-0.03323157,0.56240046,1.0
3041705977,True,True,0.04044162,-0.0524356,-0.04386946,0.2137418,-0.0510107,0.9755574,True,0.039174594,-0.016011983,-0.04188018,0.20408036,-0.0951866,0.9743155,True,0.041398432,-0.08453763,-0.045694675,0.20233285,-0.026119063,0.9789685,False,0.0,False,0.0,False,0.0,-0.94828606,-0.31566107,-0.03332579,0.0,0.052189052,-0.051491857,-0.9973085,0.0,0.31309557,-0.9474735,0.06530362,0.0,0.080829635,-0.10240034,0.5711555,1.0
3042039317,True,True,0.040444322,-0.053641085,-0.04393334,0.20216022,-0.053196393,0.9779065,True,0.038948238,-0.016040407,-0.041792333,0.18328282,-0.098686345,0.9780942,True,0.041204426,-0.084603444,-0.045646746,0.18112864,-0.034116417,0.9828675,False,0.0,False,0.0,False,0.0,-0.9520476,-0.3035596,-0.038176537,0.0,0.054285914,-0.04480493,-0.9975198,0.0,0.3010962,-0.95175856,0.0591352,0.0,0.08023897,-0.13635555,0.5762592,1.0
3042705998,True,True,0.04009548,-0.057508547,-0.04389136,0.13867684,-0.067313224,0.98804736,True,0.03874639,-0.01617601,-0.041606367,0.14019218,-0.11884877,0.9829654,True,0.040977925,-0.084544435,-0.04538599,0.13748431,-0.033505626,0.9899371,False,0.0,False,0.0,False,0.0,-0.9573288,-0.28265423,-0.060231924,0.0,0.07080148,-0.027319789,-0.99711615,0.0,0.2801936,-0.9588327,0.04616654,0.0,0.07671262,-0.20418748,0.5881246,1.0
3043039339,True,False,0.04009548,-0.057508547,-0.04389136,0.13867684,-0.067313224,0.98804736,True,0.038591154,-0.016225409,-0.041604508,0.11401133,-0.12587333,0.9854731,True,0.04082779,-0.08457062,-0.045407,0.11140815,-0.038538713,0.99302715,False,0.0,False,0.0,False,0.0,-0.96064997,-0.26760745,-0.07441628,0.0,0.08154549,-0.01560986,-0.9965473,0.0,0.26552185,-0.9634015,0.036817968,0.0,0.07383601,-0.2389799,0.59400934,1.0
3043372678,True,True,0.039745867,-0.05416743,-0.043716893,0.11847773,-0.0751616,0.99010795,True,0.038282663,-0.016405888,-0.041513663,0.082032055,-0.13626225,0.9872706,True,0.04049174,-0.084687196,-0.045538202,0.079446144,-0.043587998,0.9958857,False,0.0,False,0.0,False,0.0,-0.96467924,-0.24808344,-0.08859077,0.0,0.09204659,-0.0023419857,-0.9957519,0.0,0.24682209,-0.96873575,0.025094569,0.0,0.07011406,-0.2741372,0.5994152,1.0
3043706019,True,True,0.0389555,-0.04928112,-0.043519698,0.042330313,-0.094718665,0.9946037,True,0.03786538,-0.01641967,-0.041625682,0.04377308,-0.14160046,0.9889556,True,0.040128965,-0.08465503,-0.04555852,0.040671628,-0.044015937,0.9982026,False,0.0,False,0.0,False,0.0,-0.9686425,-0.22776966,-0.0992622,0.0,0.09958668,0.010096967,-0.9949777,0.0,0.22762796,-0.97366273,0.01290226,0.0,0.06579766,-0.3088918,0.6042309,1.0
3044372698,True,False,0.0389555,-0.04928112,-0.043519698,0.042330313,-0.094718665,0.9946037,True,0.037251282,-0.016687196,-0.04182623,-0.004837075,-0.16616733,0.9860857,True,0.03959824,-0.08471622,-0.045585033,-0.007932153,-0.046104655,0.99890506,False,0.0,False,0.0,False,0.0,-0.9754809,-0.18596488,-0.11770183,0.0,0.11352194,0.033005834,-0.99298704,0.0,0.18854555,-0.9820018,-0.011085272,0.0,0.056094006,-0.3748326,0.61274785,1.0
3044706039,True,True,0.038822833,-0.05269447,-0.043826446,0.02814743,-0.09941582,0.99464774,True,0.037390634,-0.016863966,-0.04192238,0.029040257,-0.18721215,0.9818902,True,0.0397946,-0.08474102,-0.045778964,0.025545176,-0.052499663,0.9982942,False,0.0,False,0.0,False,0.0,-0.9780661,-0.16443625,-0.12785591,0.0,0.12262681,0.04161042,-0.9915801,0.0,0.16837184,-0.98550963,-0.020533323,0.0,0.051271886,-0.40547484,0.61710715,1.0
3045039379,True,True,0.038814344,-0.05310883,-0.0439139,0.028356347,-0.10342771,0.9942326,True,0.03747211,-0.017005391,-0.04192233,0.031660147,-0.17963682,0.9832233,True,0.03986769,-0.084949374,-0.046022873,0.028531734,-0.053364117,0.9981674,False,0.0,False,0.0,False,0.0,-0.9797325,-0.14436108,-0.13886642,0.0,0.13327411,0.04776019,-0.9899277,0.0,0.14953932,-0.9883718,-0.027552605,0.0,0.046578944,-0.43380415,0.62076116,1.0
3045372719,True,False,0.038814344,-0.05310883,-0.0439139,0.028356347,-0.10342771,0.9942326,True,0.037196882,-0.016939178,-0.042017013,-0.0020586646,-0.18469356,0.98279405,True,0.03960561,-0.08475707,-0.046018656,-0.0063377754,-0.044911887,0.99897087,False,0.0,False,0.0,False,0.0,-0.9807403,-0.12887171,-0.1467665,0.0,0.14194328,0.045896053,-0.9888102,0.0,0.13416566,-0.99059856,-0.02671957,0.0,0.041893646,-0.45990112,0.62417006,1.0
3046039400,True,True,0.03865462,-0.05271482,-0.04390528,-0.00085102394,-0.10263872,0.99471825,True,0.03676994,-0.016808696,-0.04189908,-0.051087465,-0.1735073,0.9835067,True,0.039229427,-0.08458443,-0.04579171,-0.056387313,-0.028204704,0.99801046,False,0.0,False,0.0,False,0.0,-0.9813185,-0.11497185,-0.15425952,0.0,0.15044352,0.04121238,-0.98775935,0.0,0.11992194,-0.99251366,-0.023146033,0.0,0.035915315,-0.50146407,0.62896794,1.0
3046706080,True,False,0.03865462,-0.05271482,-0.04390528,-0.00085102394,-0.10263872,0.99471825,False,0.03676994,-0.016808696,-0.04189908,-0.051087465,-0.1735073,0.9835067,False,0.039229427,-0.08458443,-0.04579171,-0.056387313,-0.028204704,0.99801046,False,0.0,False,0.0,False,0.0,-0.9802871,-0.12037958,-0.15667078,0.0,0.153426,0.03582406,-0.9875105,0.0,0.12448869,-0.99208134,-0.016648412,0.0,0.034116223,-0.53126436,0.6321988,1.0
3047706101,True,True,0.038635142,-0.053466327,-0.043918915,-0.0009734612,-0.087216124,0.9961889,True,0.037385453,-0.01681497,-0.041833267,0.007920002,-0.1718023,0.98509973,True,0.039837338,-0.08435831,-0.045599528,0.003008504,-0.00030449536,0.9999954,False,0.0,False,0.0,False,0.0,-0.9754019,-0.14057569,-0.16979343,0.0,0.16762228,0.027231634,-0.9854751,0.0,0.1431576,-0.98969537,-0.0029982328,0.0,0.034896344,-0.5600544,0.63748837,1.0
3048039441,True,True,0.038653813,-0.05361936,-0.043908514,0.00083527155,-0.080687754,0.9967389,True,0.03743484,-0.016765771,-0.04167026,0.010495375,-0.16915403,0.9855337,True,0.039860018,-0.0842532,-0.045489725,0.0050735953,0.008212094,0.9999534,False,0.0,False,0.0,False,0.0,-0.97371066,-0.1450307,-0.17565092,0.0,0.17425048,0.022404611,-0.98444635,0.0,0.14671034,-0.98917335,0.0034562945,0.0,0.035351053,-0.5657944,0.639173,1.0
3049039462,True,True,0.038683586,-0.052990545,-0.043840837,0.01697762,-0.07606242,0.9969585,True,0.03777359,-0.016505813,-0.041654322,0.03236554,-0.1523415,0.98779786,True,0.040148027,-0.0840097,-0.045315456,0.02712177,0.02504452,0.99931836,False,0.0,False,0.0,False,0.0,-0.96793747,-0.16893354,-0.18589905,0.0,0.18776688,0.0049937367,-0.98220086,0.0,0.166855,-0.9856148,0.026886582,0.0,0.037773177,-0.5716764,0.64180994,1.0
3049706141,True,True,0.038741045,-0.051767007,-0.043680876,0.03435316,-0.06734711,0.99713796,True,0.037980888,-0.016506506,-0.04156058,0.053754102,-0.14660294,0.9877338,True,0.0403326,-0.08411433,-0.045296457,0.048759777,0.01975673,0.99861515,False,0.0,False,0.0,False,0.0,-0.96532214,-0.1863544,-0.18282494,0.0,0.18522826,0.0045844316,-0.98268473,0.0,0.18396577,-0.9824718,0.030092835,0.0,0.03984277,-0.56833756,0.6412157,1.0
3050039481,True,True,0.038871497,-0.051588308,-0.04362221,0.046451118,-0.06742476,0.9966425,True,0.0381993,-0.016510755,-0.041487765,0.07026632,-0.14775667,0.9865246,True,0.04050844,-0.08416204,-0.045188233,0.065764934,0.013524933,0.9977434,False,0.0,False,0.0,False,0.0,-0.96303964,-0.1995165,-0.18096407,0.0,0.18364397,0.00515002,-0.98297936,0.0,0.19705258,-0.979881,0.031680226,0.0,0.04115069,-0.5655255,0.6409986,1.0
3050372821,True,True,0.03899004,-0.051103376,-0.04356927,0.060800392,-0.06626581,0.9959478,True,0.038463622,-0.016474858,-0.041494954,0.08759946,-0.13964172,0.9863197,True,0.040728364,-0.08430237,-0.045338243,0.08356414,0.0027447452,0.99649864,False,0.0,False,0.0,False,0.0,-0.9605875,-0.21373475,-0.17773303,0.0,0.18101168,0.0042942762,-0.9834715,0.0,0.21096528,-0.9768822,0.0345636,0.0,0.04214631,-0.5629168,0.6410534,1.0
3050706162,True,True,0.03907962,-0.050294314,-0.043487765,0.074340135,-0.06895742,0.99484587,True,0.03855118,-0.01636841,-0.04143216,0.09777779,-0.13182254,0.9864393,True,0.040798165,-0.08432284,-0.045279946,0.09441521,-0.0027353324,0.99552906,False,0.0,False,0.0,False,0.0,-0.95818794,-0.22591443,-0.17561041,0.0,0.17948149,0.003455639,-0.9837554,0.0,0.22285138,-0.9741412,0.037236094,0.0,0.042655066,-0.5607527,0.641271,1.0
3051372842,True,True,0.03927871,-0.0503485,-0.04346033,0.09062224,-0.058271147,0.994179,True,0.03836515,-0.016048456,-0.04158619,0.09232777,-0.09997751,0.99069685,True,0.04060728,-0.08429978,-0.045462906,0.08932006,-0.0019429749,0.9960011,False,0.0,False,0.0,False,0.0,-0.95343447,-0.2504298,-0.16807263,0.0,0.1733327,0.0010665655,-0.9848629,0.0,0.24681829,-0.9681344,0.042390347,0.0,0.042676866,-0.55734247,0.6413463,1.0
3051706181,True,True,0.038943514,-0.049814563,-0.04344953,0.039924618,-0.033818,0.9986302,True,0.03781058,-0.015902337,-0.041568976,0.041715607,-0.08936882,0.9951247,True,0.04008642,-0.08402522,-0.04534663,0.037992433,0.022328073,0.9990285,False,0.0,False,0.0,False,0.0,-0.9512391,-0.2617164,-0.16324228,0.0,0.16951828,-0.0014249086,-0.98552585,0.0,0.2576957,-0.96514356,0.04572153,0.0,0.042226583,-0.5556369,0.6413887,1.0
3052039522,True,True,0.039072726,-0.05066392,-0.0434814,0.04425302,-0.031369586,0.99852765,True,0.038025703,-0.015893284,-0.041526735,0.05424081,-0.08583153,0.9948321,True,0.040275056,-0.084010504,-0.045325648,0.05034803,0.027098952,0.9983641,False,0.0,False,0.0,False,0.0,-0.9476037,-0.27709442,-0.15895183,0.0,0.16649064,-0.0037349463,-0.9860359,0.0,0.27263138,-0.9608354,0.04967302,0.0,0.041949034,-0.5534174,0.64142597,1.0
3052706202,True,True,0.039230615,-0.05231463,-0.04353595,0.0625806,-0.026732938,0.99768174,True,0.038117737,-0.015821273,-0.041513745,0.08046131,-0.085794955,0.9930586,True,0.04039285,-0.08394667,-0.045149446,0.07675733,0.027564012,0.9966687,False,0.0,False,0.0,False,0.0,-0.9416897,-0.30131802,-0.14975876,0.0,0.159902,-0.009135246,-0.9870906,0.0,0.2960601,-0.9534799,0.056784093,0.0,0.040093213,-0.5472975,0.64099336,1.0
3053039542,True,True,0.039270688,-0.051986557,-0.043503094,0.07358175,-0.026801346,0.99692893,True,0.03829593,-0.015871152,-0.04141831,0.093984894,-0.08345458,0.99206966,True,0.040518627,-0.084023856,-0.045243442,0.08977315,0.026095986,0.99562025,False,0.0,False,0.0,False,0.0,-0.93812954,-0.31460673,-0.14469045,0.0,0.15613507,-0.011342406,-0.98767054,0.0,0.30908668,-0.94915426,0.05976194,0.0,0.03883493,-0.5433616,0.64077604,1.0
3053706222,True,True,0.03939927,-0.05295347,-0.04353566,0.09647325,-0.021989413,0.9950926,True,0.038453396,-0.015804784,-0.04144217,0.115049936,-0.08185674,0.9899813,True,0.04069208,-0.08396365,-0.04517599,0.111650616,0.027890567,0.9933561,False,0.0,False,0.0,False,0.0,-0.93082,-0.3379316,-0.13919759,0.0,0.15278992,-0.0138196945,-0.98816204,0.0,0.3320075,-0.9410691,0.0644964,0.0,0.035717666,-0.53383267,0.6407335,1.0
3054039561,True,True,0.039439525,-0.053001843,-0.04352759,0.10704937,-0.0214443,0.9940223,True,0.03849351,-0.015825242,-0.04141566,0.1237504,-0.082325876,0.98889256,True,0.040723894,-0.08397457,-0.045149446,0.120159216,0.028415132,0.9923479,False,0.0,False,0.0,False,0.0,-0.9272251,-0.34809244,-0.13814992,0.0,0.15227373,-0.013403654,-0.98824745,0.0,0.34214973,-0.9373644,0.06543356,0.0,0.033893034,-0.5284257,0.641029,1.0
3054372902,True,True,0.039491355,-0.053606737,-0.04354957,0.11767547,-0.017258275,0.99290204,True,0.038519967,-0.015831344,-0.04134724,0.13413517,-0.07974058,0.9877496,True,0.04073651,-0.083979815,-0.045150448,0.13031198,0.031087894,0.99098563,False,0.0,False,0.0,False,0.0,-0.9229708,-0.35928172,-0.13799208,0.0,0.15304786,-0.013653278,-0.98812455,0.0,0.353131,-0.9331294,0.06758875,0.0,0.032169312,-0.52272177,0.64153236,1.0
3054706241,True,True,0.03952723,-0.053555015,-0.043536603,0.12946512,-0.016693663,0.99144334,True,0.038635585,-0.01576793,-0.041387226,0.14698583,-0.07764756,0.98608625,True,0.040853273,-0.08391611,-0.045098834,0.14328304,0.0332231,0.9891239,False,0.0,False,0.0,False,0.0,-0.91709447,-0.3738468,-0.13848123,0.0,0.15516403,-0.014742017,-0.9877789,0.0,0.3672364,-0.9273735,0.07152712,0.0,0.030804887,-0.51672775,0.64211696,1.0
3055372921,True,True,0.039738785,-0.0550561,-0.043581262,0.15441328,-0.0073361546,0.987979,True,0.03882287,-0.01563823,-0.041481644,0.17322633,-0.06555384,0.98269796,True,0.041033346,-0.08387447,-0.045086063,0.16957796,0.03679504,0.98482955,False,0.0,False,0.0,False,0.0,-0.9044535,-0.40420997,-0.13629958,0.0,0.1575476,-0.019602776,-0.98731667,0.0,0.39641145,-0.91445595,0.081412375,0.0,0.027945474,-0.5046108,0.6435907,1.0
3056039602,True,True,0.03990434,-0.05538958,-0.043581545,0.17903444,-0.0023352206,0.9838399,True,0.03894894,-0.015513896,-0.041545015,0.19592191,-0.053216025,0.9791745,True,0.041168742,-0.083830655,-0.04504551,0.19172128,0.04123788,0.9805826,False,0.0,False,0.0,False,0.0,-0.89135957,-0.43249494,-0.13574032,0.0,0.16146661,-0.023127317,-0.9866069,0.0,0.42356324,-0.9013395,0.09044868,0.0,0.024325743,-0.49265164,0.6454328,1.0
3056706282,True,True,0.04007218,-0.056879357,-0.043646485,0.1998032,0.007033089,0.9798107,True,0.038950134,-0.015478001,-0.0413726,0.21080375,-0.052789975,0.976102,True,0.041105174,-0.08379099,-0.04505292,0.2068343,0.041431922,0.9774983,False,0.0,False,0.0,False,0.0,-0.87810266,-0.45885253,-0.13561207,0.0,0.16533637,-0.025018215,-0.98592,0.0,0.44899905,-0.8881603,0.097833276,0.0,0.019840077,-0.4804135,0.6467885,1.0
3057372962,True,True,0.040190704,-0.057419427,-0.043665335,0.21153441,0.002940897,0.97736603,True,0.03897291,-0.015626993,-0.041456595,0.2082553,-0.06396107,0.97598094,True,0.041166123,-0.083955005,-0.044985726,0.20582303,0.029435867,0.97814643,False,0.0,False,0.0,False,0.0,-0.860111,-0.49292928,-0.13126256,0.0,0.16504963,-0.025443316,-0.985957,0.0,0.48266733,-0.86969733,0.1032418,0.0,0.015376329,-0.46668336,0.64679945,1.0
3058039642,True,True,0.03993467,-0.05602011,-0.043525137,0.16800432,-0.045503117,0.9847354,True,0.03873246,-0.016029468,-0.041253958,0.17039911,-0.10070067,0.98021615,True,0.04086595,-0.084306754,-0.04501459,0.16719416,-0.0043479777,0.9859144,False,0.0,False,0.0,False,0.0,-0.84451604,-0.5198339,-0.12870733,0.0,0.16657314,-0.02656734,-0.98567116,0.0,0.5089659,-0.8538542,0.10902679,0.0,0.010554701,-0.45498475,0.64675134,1.0
3058706322,True,True,0.039944388,-0.056385152,-0.043470543,0.168753,-0.04278293,0.98472935,True,0.03865388,-0.0159962,-0.04116419,0.17104784,-0.09797518,0.98037934,True,0.040790208,-0.084306866,-0.04491214,0.16809866,-0.0042796996,0.9857609,False,0.0,False,0.0,False,0.0,-0.8355596,-0.533614,-0.13075249,0.0,0.17139356,-0.027061582,-0.9848309,0.0,0.5219812,-0.84529513,0.11406958,0.0,0.0057950467,-0.44670692,0.64665586,1.0
3059039663,True,True,0.039958768,-0.05725594,-0.04349064,0.16815433,-0.039910864,0.98495233,True,0.038610917,-0.015952237,-0.04114678,0.1688893,-0.097792484,0.9807718,True,0.0407537,-0.084240176,-0.044843104,0.16564952,-0.001791609,0.98618305,False,0.0,False,0.0,False,0.0,-0.8321235,-0.53881013,-0.13135529,0.0,0.17307119,-0.027269602,-0.9845317,0.0,0.5268937,-0.84198576,0.11594421,0.0,0.0038291067,-0.4429962,0.64627326,1.0
3059373002,True,True,0.03995292,-0.057134304,-0.04346435,0.16934142,-0.039876983,0.9847503,True,0.038661342,-0.015987253,-0.041111246,0.17326109,-0.09813623,0.9799745,True,0.04078741,-0.084263936,-0.044853013,0.16997328,-0.0007438558,0.9854484,False,0.0,False,0.0,False,0.0,-0.8281915,-0.545186,-0.12988871,0.0,0.1727484,-0.027850986,-0.9845721,0.0,0.5331574,-0.8378523,0.11724591,0.0,0.0021226108,-0.43927348,0.645505,1.0
3059706342,True,True,0.039950997,-0.05682473,-0.043428205,0.17239016,-0.040732164,0.9841862,True,0.03873267,-0.016006732,-0.0410464,0.17956533,-0.101265416,0.9785201,True,0.040845986,-0.08423408,-0.04483761,0.17624654,0.0011492777,0.9843454,False,0.0,False,0.0,False,0.0,-0.82433057,-0.5517729,-0.12659343,0.0,0.17074014,-0.029117584,-0.9848858,0.0,0.5397472,-0.83348596,0.11821222,0.0,0.0005018115,-0.43563363,0.6445021,1.0
3060373022,True,True,0.0399765,-0.056646004,-0.043400247,0.18099415,-0.04313007,0.9825378,True,0.038826052,-0.016010048,-0.041147586,0.19096965,-0.10399912,0.9760711,True,0.040975243,-0.08428338,-0.044808306,0.18849461,-0.0065168524,0.9820526,False,0.0,False,0.0,False,0.0,-0.8162135,-0.56526834,-0.11944455,0.0,0.16477875,-0.029607058,-0.985886,0.0,0.5537538,-0.8243755,0.11730999,0.0,-0.0024988353,-0.4285454,0.6421908,1.0
3060706363,True,True,0.039979823,-0.056154817,-0.043366875,0.18740022,-0.047968768,0.98111165,True,0.03888553,-0.01603635,-0.041121647,0.1989324,-0.10630405,0.9742307,True,0.04103654,-0.084337085,-0.044842865,0.19692554,-0.012041386,0.9803445,False,0.0,False,0.0,False,0.0,-0.8118465,-0.5722687,-0.11582051,0.0,0.16168118,-0.029733539,-0.9863952,0.0,0.56103927,-0.8195272,0.11666381,0.0,-0.0038651526,-0.4252056,0.6410615,1.0
3061039703,True,True,0.03999992,-0.05574753,-0.043321308,0.19422668,-0.051179215,0.9796206,True,0.038943276,-0.016044753,-0.04119206,0.20627338,-0.10518832,0.9728241,True,0.041122176,-0.08437453,-0.0448958,0.20379847,-0.013503518,0.9789198,False,0.0,False,0.0,False,0.0,-0.80688787,-0.5799236,-0.11234325,0.0,0.15873632,-0.029682755,-0.9868748,0.0,0.5689773,-0.81413007,0.11600542,0.0,-0.005061522,-0.42218536,0.64003706,1.0
3061706383,True,False,0.03999992,-0.05574753,-0.043321308,0.19422668,-0.051179215,0.9796206,True,0.03801947,-0.01711899,-0.04138538,0.112376854,-0.20782322,0.97168976,True,0.040222924,-0.08561518,-0.04551377,0.11164329,-0.14070123,0.98373723,False,0.0,False,0.0,False,0.0,-0.79915667,-0.5915585,-0.10680561,0.0,0.15416108,-0.029952288,-0.9875917,0.0,0.58101916,-0.8057056,0.115131736,0.0,-0.007104486,-0.41725215,0.63830763,1.0
3062706403,True,True,0.038555067,-0.05868159,-0.043968305,0.017323758,-0.28084186,0.9595977,True,0.03725134,-0.018150114,-0.041559774,0.02329,-0.32226077,0.9463644,True,0.039513934,-0.08665491,-0.04559946,0.021200396,-0.26124087,0.96504086,False,0.0,False,0.0,False,0.0,-0.7873137,-0.60743994,-0.1056122,0.0,0.15408827,-0.027997613,-0.98766035,0.0,0.5969874,-0.79387206,0.11564219,0.0,-0.00742653,-0.4080547,0.63651407,1.0
3063039742,True,True,0.038520638,-0.057453036,-0.043879677,0.02227159,-0.2849455,0.95828485,True,0.0372604,-0.01814726,-0.041497957,0.0321844,-0.3257207,0.94491816,True,0.039474603,-0.08663112,-0.045594964,0.030340375,-0.2626015,0.9644271,False,0.0,False,0.0,False,0.0,-0.7850723,-0.6104502,-0.10493694,0.0,0.1534804,-0.027586222,-0.98776656,0.0,0.60008746,-0.79157406,0.11534935,0.0,-0.006195992,-0.40241358,0.63525265,1.0
3063373083,True,True,0.038473774,-0.055605084,-0.04377707,0.028912341,-0.28837302,0.9570814,True,0.037312686,-0.018150695,-0.041562717,0.04123271,-0.32187665,0.94588333,True,0.039503656,-0.0866615,-0.045655992,0.039713703,-0.26113582,0.9644847,False,0.0,False,0.0,False,0.0,-0.7831223,-0.6136336,-0.10086435,0.0,0.14939076,-0.028191566,-0.9883763,0.0,0.6036573,-0.7890876,0.11374849,0.0,-0.004248947,-0.3942958,0.6331645,1.0
3063706423,True,True,0.038494557,-0.055353127,-0.043759435,0.038335443,-0.29080397,0.9560143,True,0.03739923,-0.018160548,-0.04155554,0.055116422,-0.32771236,0.94316846,True,0.039629366,-0.08663729,-0.045592714,0.053986654,-0.26364323,0.9631084,False,0.0,False,0.0,False,0.0,-0.7819593,-0.6163349,-0.09311804,0.0,0.14121255,-0.029657483,-0.989535,0.0,0.60712326,-0.78692544,0.1102252,0.0,-0.0020191222,-0.38336924,0.6303905,1.0
3064373103,True,True,0.03844886,-0.052786402,-0.043653492,0.06909128,-0.3038027,0.9502264,True,0.037450038,-0.018339965,-0.041676253,0.093684986,-0.33680645,0.9369015,True,0.03964573,-0.08687683,-0.045921624,0.09337626,-0.28042382,0.95532364,False,0.0,False,0.0,False,0.0,-0.7669747,-0.63738775,-0.07407808,0.0,0.11892131,-0.02774775,-0.9925161,0.0,0.63056195,-0.7700438,0.09708035,0.0,0.003455013,-0.34989178,0.62299734,1.0
3064706444,True,False,0.03844886,-0.052786402,-0.043653492,0.06909128,-0.3038027,0.9502264,True,0.03360371,-0.019896917,-0.044306017,-0.52322894,-0.67049867,0.5259877,False,0.03964573,-0.08687683,-0.045921624,0.09337626,-0.28042382,0.95532364,False,0.0,False,0.0,False,0.0,-0.75144506,-0.6565483,-0.06538126,0.0,0.10826141,-0.024942517,-0.99380946,0.0,0.65085316,-0.75387144,0.089821756,0.0,0.0060168505,-0.3274575,0.6185685,1.0
3065373123,True,True,0.038420647,-0.05285443,-0.043689445,0.052747972,-0.31103668,0.94893295,True,0.03708414,-0.018510781,-0.041773036,0.018548826,-0.3497482,0.93666005,True,0.039326057,-0.087045506,-0.046040352,0.01682747,-0.29437402,0.9555421,False,0.0,False,0.0,False,0.0,-0.703316,-0.70970917,-0.040734857,0.0,0.086182356,-0.028246045,-0.9958789,0.0,0.70563376,-0.7039283,0.08103037,0.0,0.009544879,-0.27478936,0.60842305,1.0
3065706464,True,True,0.0384607,-0.053497996,-0.04374832,0.062766045,-0.3158757,0.9467222,True,0.03752637,-0.018596437,-0.041626494,0.07883613,-0.35393387,0.93194187,True,0.039673366,-0.087124094,-0.04606297,0.07811331,-0.29877612,0.951121,False,0.0,False,0.0,False,0.0,-0.67986166,-0.7328611,-0.026509792,0.0,0.074054,-0.032644153,-0.9967198,0.0,0.7295917,-0.6795947,0.07646477,0.0,0.00939782,-0.24571806,0.6028528,1.0
3066039803,True,False,0.0384607,-0.053497996,-0.04374832,0.062766045,-0.3158757,0.9467222,True,0.03772889,-0.018530644,-0.041642066,0.1301804,-0.35058066,0.9274407,True,0.039873164,-0.08708711,-0.046033885,0.13002089,-0.2978216,0.94572556,False,0.0,False,0.0,False,0.0,-0.6547829,-0.7557288,-0.01155296,0.0,0.06135708,-0.037914038,-0.9973956,0.0,0.7533225,-0.65378636,0.07119471,0.0,0.0080741495,-0.21418646,0.5974507,1.0
3066706484,True,False,0.0384607,-0.053497996,-0.04374832,0.062766045,-0.3158757,0.9467222,True,0.033760324,-0.019352982,-0.043165263,-0.4379262,-0.49310982,0.7517069,True,0.03798352,-0.08839303,-0.049297098,-0.43120837,-0.51702803,0.7394195,False,0.0,False,0.0,False,0.0,-0.5969168,-0.8022156,0.011871219,0.0,0.038727373,-0.043589473,-0.99829876,0.0,0.8013682,-0.59544134,0.057086766,0.0,0.0022818446,-0.14334095,0.58726275,1.0
3067039823,True,False,0.0384607,-0.053497996,-0.04374832,0.062766045,-0.3158757,0.9467222,True,0.035752993,-0.01956572,-0.042059973,-0.07935296,-0.44111282,0.8939366,False,0.03798352,-0.08839303,-0.049297098,-0.43120837,-0.51702803,0.7394195,False,0.0,False,0.0,False,0.0,-0.5622244,-0.8267564,0.019436955,0.0,0.030896842,-0.044486403,-0.9985322,0.0,0.8264075,-0.5607984,0.050555408,0.0,-0.0022969544,-0.104061075,0.58281434,1.0
3067373163,True,False,0.0384607,-0.053497996,-0.04374832,0.062766045,-0.3158757,0.9467222,True,0.035689685,-0.020330405,-0.04225059,-0.110939905,-0.5071292,0.85470015,True,0.037996292,-0.08886028,-0.04706285,-0.11504232,-0.46382064,0.878428,False,0.0,False,0.0,False,0.0,-0.5267639,-0.8496839,0.02359578,0.0,0.028850704,-0.045615554,-0.99854225,0.0,0.84952164,-0.52531546,0.048542738,0.0,-0.008152485,-0.06315504,0.57915676,1.0
3068039844,True,False,0.0384607,-0.053497996,-0.04374832,0.062766045,-0.3158757,0.9467222,True,0.036823083,-0.020062756,-0.04167758,-0.022171069,-0.49144742,0.87062496,True,0.039064426,-0.088566594,-0.046315286,-0.024465255,-0.44299236,0.8961915,False,0.0,False,0.0,False,0.0,-0.46014154,-0.8874499,0.026504815,0.0,0.037882447,-0.04945028,-0.9980579,0.0,0.88703704,-0.4582438,0.05637288,0.0,-0.02284506,0.021232298,0.573707,1.0
3068373184,True,True,0.03841584,-0.05315533,-0.043793283,0.034130193,-0.46004725,0.88723814,True,0.03732673,-0.019916918,-0.041534647,0.034439854,-0.48159996,0.8757143,True,0.039572626,-0.08845892,-0.046192255,0.033778947,-0.43685433,0.8988978,False,0.0,False,0.0,False,0.0,-0.43155503,-0.90168977,0.026740938,0.0,0.044065118,-0.050679088,-0.9977421,0.0,0.9010093,-0.42940265,0.06160426,0.0,-0.031633362,0.064226374,0.57113814,1.0
3068706523,True,True,0.038543984,-0.046148203,-0.043199398,0.092121586,-0.44423667,0.89116067,True,0.03771004,-0.019683896,-0.041411158,0.09185954,-0.46233454,0.8819347,True,0.039869685,-0.088217504,-0.046042092,0.09245991,-0.4150897,0.90507,False,0.0,False,0.0,False,0.0,-0.4026327,-0.9149879,0.026155144,0.0,0.051427454,-0.05114019,-0.99736655,0.0,0.9139159,-0.40022722,0.067646205,0.0,-0.041229054,0.10761675,0.5685103,1.0
3069039864,True,False,0.038543984,-0.046148203,-0.043199398,0.092121586,-0.44423667,0.89116067,True,0.0381208,-0.019461216,-0.041433536,0.1442626,-0.44280964,0.88493377,True,0.040209923,-0.08804478,-0.04602946,0.14506756,-0.39913103,0.905345,False,0.0,False,0.0,False,0.0,-0.36985362,-0.92873514,0.02568084,0.0,0.05704248,-0.050287604,-0.9971045,0.0,0.9273374,-0.3673177,0.07157636,0.0,-0.051742017,0.15145466,0.56509006,1.0
3069373203,True,False,0.038543984,-0.046148203,-0.043199398,0.092121586,-0.44423667,0.89116067,True,0.036889788,-0.017884897,-0.041142385,0.0012194613,-0.27201387,0.9622926,True,0.039128087,-0.08676821,-0.045477275,-0.0001179763,-0.25000545,0.9682444,False,0.0,False,0.0,False,0.0,-0.33885145,-0.94038516,0.029248148,0.0,0.058814943,-0.052198887,-0.9969032,0.0,0.9389998,-0.33608183,0.07299638,0.0,-0.06359354,0.19439012,0.5610395,1.0
3070039884,True,False,0.038543984,-0.046148203,-0.043199398,0.092121586,-0.44423667,0.89116067,True,0.036975365,-0.015159734,-0.040581454,-0.0145991985,0.01479089,0.99978405,True,0.03939859,-0.08275796,-0.043966793,-0.018932197,0.18742661,0.98209614,False,0.0,False,0.0,False,0.0,-0.28406358,-0.95840496,0.027708769,0.0,0.05521339,-0.045202374,-0.9974508,0.0,0.95721436,-0.28180957,0.065757155,0.0,-0.09026736,0.27556607,0.5515165,1.0
3070373224,True,True,0.038541764,-0.04833019,-0.04232925,0.031556603,0.024144635,0.99921024,True,0.037425075,-0.015180161,-0.040542424,0.03267091,-0.006551665,0.99944466,True,0.03973556,-0.08376907,-0.044239443,0.030332457,0.05693531,0.99791706,False,0.0,False,0.0,False,0.0,-0.25933743,-0.9654437,0.025745213,0.0,0.04641837,-0.03908658,-0.99815714,0.0,0.9646707,-0.2576644,0.054950833,0.0,-0.10511753,0.3133414,0.5462454,1.0
3070706564,True,True,0.03870994,-0.046854008,-0.042193063,0.046349388,0.01763448,0.9987695,True,0.037892837,-0.015318699,-0.040415302,0.07486277,-0.018393809,0.9970242,True,0.040143743,-0.08399021,-0.04416555,0.07234893,0.03626131,0.99671996,False,0.0,False,0.0,False,0.0,-0.23505616,-0.97173417,0.021931052,0.0,0.037841946,-0.03169501,-0.9987808,0.0,0.97124463,-0.23393995,0.044222653,0.0,-0.120566234,0.34900603,0.54141796,1.0
3071039904,True,True,0.03934933,-0.046783414,-0.0420272,0.106784634,-0.006371366,0.99426174,True,0.038355555,-0.015373244,-0.04032993,0.107924715,-0.031431124,0.99366206,True,0.040528364,-0.084048815,-0.04404085,0.10534485,0.023365185,0.9941613,False,0.0,False,0.0,False,0.0,-0.21469891,-0.97646046,0.020722121,0.0,0.028842956,-0.027546644,-0.9992043,0.0,0.97625434,-0.21393034,0.03407824,0.0,-0.13582048,0.38193706,0.536552,1.0
3071373244,True,True,0.039568197,-0.04928157,-0.04216184,0.11662058,-0.008334227,0.9931414,True,0.038629796,-0.015496892,-0.04029721,0.13594398,-0.039814416,0.9899162,True,0.04082077,-0.08418878,-0.0440823,0.13379535,0.012895528,0.990925,False,0.0,False,0.0,False,0.0,-0.1983341,-0.9798634,0.02304867,0.0,0.017433465,-0.027038813,-0.99948233,0.0,0.9799794,-0.19782966,0.022445202,0.0,-0.15088913,0.41203886,0.5320023,1.0
3071706584,True,True,0.03967192,-0.050901942,-0.0421779,0.12922068,-0.013740932,0.9915206,True,0.038646862,-0.01563311,-0.04002517,0.15303487,-0.053951286,0.986747,True,0.040844724,-0.08430444,-0.043921243,0.1504624,0.00019931159,0.9886157,False,0.0,False,0.0,False,0.0,-0.1848582,-0.9825068,0.022530615,0.0,0.005490184,-0.02395773,-0.9996978,0.0,0.98274976,-0.18467876,0.009823084,0.0,-0.1658952,0.4394782,0.52803195,1.0
3072039924,True,True,0.04018084,-0.058281112,-0.042460285,0.17958394,-0.034828987,0.9831258,True,0.038798783,-0.015712122,-0.040175855,0.18097457,-0.07100048,0.9809216,True,0.04102711,-0.08434732,-0.0438591,0.17861585,-0.012657426,0.9838374,False,0.0,False,0.0,False,0.0,-0.15731287,-0.9873847,0.0179919,0.0,-0.0055626333,-0.017332315,-0.9998342,0.0,0.987533,-0.15738705,-0.0027656555,0.0,-0.1806683,0.4658154,0.52496326,1.0
3072373264,True,False,0.04018084,-0.058281112,-0.042460285,0.17958394,-0.034828987,0.9831258,True,0.038448505,-0.015439059,-0.04022719,0.12346533,-0.027425671,0.9919699,True,0.040669538,-0.08409894,-0.044012897,0.120725416,0.028396,0.99227965,False,0.0,False,0.0,False,0.0,-0.121328354,-0.99251676,0.013765693,0.0,-0.017421275,-0.011736631,-0.9997791,0.0,0.9924593,-0.12154159,-0.015866637,0.0,-0.19541495,0.4900793,0.5224605,1.0
3072706604,True,True,0.04015229,-0.05728046,-0.042414147,0.16703391,-0.0244781,0.9856472,True,0.038830165,-0.015574519,-0.04000777,0.14533885,-0.036179457,0.9887203,True,0.041012973,-0.08426142,-0.04399048,0.14233582,0.016035875,0.9896886,False,0.0,False,0.0,False,0.0,-0.08522487,-0.9963208,0.0090583265,0.0,-0.029825509,-0.0065364838,-0.9995339,0.0,0.9959154,-0.08545515,-0.02915883,0.0,-0.21010692,0.51091605,0.5203611,1.0
3073039944,True,True,0.04023107,-0.055354506,-0.042249653,0.16682415,-0.022101995,0.98573875,True,0.039248157,-0.015658857,-0.0398906,0.16911465,-0.047112767,0.9844698,True,0.041433156,-0.08433017,-0.04377991,0.1660943,0.007430114,0.9860819,False,0.0,False,0.0,False,0.0,-0.051635265,-0.99866474,0.0015338063,0.0,-0.040616244,0.00056552887,-0.9991746,0.0,0.9978397,-0.051655024,-0.04059112,0.0,-0.2243082,0.5282531,0.51865005,1.0
3073373283,True,False,0.04023107,-0.055354506,-0.042249653,0.16682415,-0.022101995,0.98573875,True,0.0396213,-0.015676878,-0.03977174,0.19506599,-0.05282483,0.97936654,True,0.04178927,-0.08434083,-0.043662716,0.19191924,0.0028134508,0.98140675,False,0.0,False,0.0,False,0.0,-0.022488594,-0.99973077,-0.0057501197,0.0,-0.049767554,0.0068637133,-0.99873745,0.0,0.9985078,-0.022173911,-0.049908638,0.0,-0.23777321,0.5416828,0.51699203,1.0
3073706625,True,True,0.040475294,-0.0564725,-0.042195603,0.17887993,-0.02118833,0.9836425,True,0.039803185,-0.015654506,-0.039653044,0.2040951,-0.055911824,0.97735304,True,0.041987374,-0.08433416,-0.043354157,0.20122552,-0.0010223236,0.97954434,False,0.0,False,0.0,False,0.0,-0.00085258484,-0.9999323,-0.011609614,0.0,-0.0590851,0.011639595,-0.99818516,0.0,0.9982527,-0.00016495585,-0.05909109,0.0,-0.25009483,0.5517186,0.5147889,1.0
3074039963,True,True,0.040633902,-0.056331545,-0.042093344,0.19173607,-0.025359105,0.9811188,True,0.040059794,-0.015832087,-0.039380476,0.21685436,-0.06935612,0.9737371,True,0.042136233,-0.08444723,-0.043338772,0.21430235,-0.009018899,0.9767257,False,0.0,False,0.0,False,0.0,0.016906261,-0.999751,-0.014561206,0.0,-0.066676706,0.013403535,-0.9976846,0.0,0.99763143,0.017838001,-0.06643355,0.0,-0.26084095,0.5590433,0.5122505,1.0
3074373303,True,True,0.040734768,-0.055762056,-0.0419802,0.200976,-0.029285286,0.9791583,True,0.04008749,-0.015777973,-0.039337467,0.21811558,-0.067235544,0.97360414,True,0.04221694,-0.08444645,-0.043177996,0.21561451,-0.011829953,0.97640693,False,0.0,False,0.0,False,0.0,0.028317988,-0.9995018,-0.013933241,0.0,-0.07269278,0.011842787,-0.99728405,0.0,0.99695224,0.02925387,-0.07232118,0.0,-0.2699503,0.5638422,0.5094799,1.0
3074706644,True,True,0.040794212,-0.054793656,-0.041857585,0.20805494,-0.034473855,0.97750944,True,0.04012306,-0.015803171,-0.03924191,0.220062,-0.06990138,0.9729782,True,0.04225084,-0.08449254,-0.04313382,0.21797873,-0.017117636,0.9758034,False,0.0,False,0.0,False,0.0,0.03609073,-0.99926746,-0.012707353,0.0,-0.07910347,0.009819508,-0.99681777,0.0,0.9962126,0.036980808,-0.07869089,0.0,-0.27735686,0.5670061,0.5065862,1.0
3075039981,True,True,0.040872846,-0.05504248,-0.041819382,0.21457888,-0.03748046,0.97598714,True,0.04017933,-0.015843753,-0.039204627,0.22534727,-0.07134236,0.971663,True,0.04226784,-0.08458044,-0.0431457,0.22313143,-0.023535572,0.97450423,False,0.0,False,0.0,False,0.0,0.040361464,-0.99913096,-0.010427713,0.0,-0.08534661,0.0069504976,-0.9963273,0.0,0.9955337,0.041103363,-0.08499217,0.0,-0.2831273,0.5690544,0.5037073,1.0
3075373324,True,True,0.0409246,-0.054859877,-0.04176499,0.21846387,-0.041862488,0.9749465,True,0.040203117,-0.015840942,-0.039175205,0.22359419,-0.0737329,0.9718894,True,0.042282313,-0.08461087,-0.043120403,0.22169046,-0.029427487,0.974673,False,0.0,False,0.0,False,0.0,0.04096186,-0.9991442,-0.0057411194,0.0,-0.09136689,0.001976192,-0.99581534,0.0,0.9949745,0.04131502,-0.09120774,0.0,-0.28732932,0.57013404,0.5009195,1.0
3075706664,True,True,0.04094668,-0.054153975,-0.041683406,0.22123535,-0.04764579,0.9740558,True,0.04017283,-0.01589809,-0.039103605,0.22395444,-0.079313174,0.97136706,True,0.042268403,-0.08464028,-0.043080218,0.22198887,-0.032382205,0.9745113,False,0.0,False,0.0,False,0.0,0.0372684,-0.99930525,-0.00031480193,0.0,-0.09897962,-0.0033779144,-0.9950837,0.0,0.9943913,0.03711629,-0.09903669,0.0,-0.2900739,0.5705031,0.4981745,1.0
3076040004,True,True,0.04105755,-0.05379115,-0.041572273,0.21973275,-0.053407483,0.9740971,True,0.040098146,-0.015949022,-0.039162852,0.21457532,-0.089461766,0.9726017,True,0.04221407,-0.084686704,-0.043045312,0.21268244,-0.042034384,0.9762168,False,0.0,False,0.0,False,0.0,0.03075254,-0.99952054,0.0035865009,0.0,-0.10783836,-0.0068850517,-0.99414456,0.0,0.99369264,0.0301857,-0.10799837,0.0,-0.29149747,0.5705992,0.49566442,1.0
3076373344,True,True,0.04117226,-0.053810526,-0.041486114,0.21564908,-0.05970671,0.9746437,True,0.03999242,-0.015955077,-0.03930061,0.20570596,-0.095321186,0.9739606,True,0.04216229,-0.08472773,-0.04304454,0.20440237,-0.05163519,0.9775242,False,0.0,False,0.0,False,0.0,0.021025538,-0.9997523,0.007287383,0.0,-0.117829174,-0.009716034,-0.9929863,0.0,0.9928112,0.020019323,-0.1180042,0.0,-0.291771,0.57028395,0.49329063,1.0
3076706685,True,True,0.041257367,-0.054623645,-0.041461077,0.21013673,-0.06638698,0.9754153,True,0.039858785,-0.016089277,-0.039314836,0.19817112,-0.107417084,0.97426367,True,0.042038195,-0.08481432,-0.043032374,0.19677792,-0.058569174,0.9786971,False,0.0,False,0.0,False,0.0,0.008698761,-0.9999087,0.010351032,0.0,-0.12885639,-0.011386156,-0.991598,0.0,0.9916252,0.0072920024,-0.1289438,0.0,-0.2910375,0.5695489,0.49114296,1.0
3077373363,True,True,0.041201197,-0.054878917,-0.04142601,0.19104402,-0.08132565,0.9782066,True,0.039535064,-0.016311504,-0.03925714,0.17293113,-0.121834464,0.97736955,True,0.041703258,-0.08502986,-0.043156948,0.17150834,-0.073774844,0.98241645,False,0.0,False,0.0,False,0.0,-0.015183926,-0.9997952,0.013374984,0.0,-0.14924118,-0.010960579,-0.98874,0.0,0.98868424,-0.01700908,-0.14904428,0.0,-0.28681552,0.5674933,0.48797745,1.0
3077706705,True,True,0.041159816,-0.055660006,-0.041456647,0.18088488,-0.08737445,0.97961533,True,0.039412796,-0.016358761,-0.03925258,0.16280465,-0.13003896,0.97805136,True,0.041598685,-0.08501618,-0.043072246,0.16147809,-0.07531901,0.9839979,False,0.0,False,0.0,False,0.0,-0.023905754,-0.9996393,0.012242228,0.0,-0.15666449,-0.008348465,-0.9876166,0.0,0.9873625,-0.025527656,-0.15640831,0.0,-0.28362238,0.56673366,0.4874773,1.0
3078040045,True,True,0.041116595,-0.056674495,-0.041508798,0.17211585,-0.09167246,0.9808019,True,0.039359245,-0.016360044,-0.039288037,0.15766373,-0.13058715,0.9788203,True,0.041541126,-0.08500396,-0.04306836,0.15616062,-0.07405672,0.9849515,False,0.0,False,0.0,False,0.0,-0.029327273,-0.9995322,0.008672416,0.0,-0.16204679,-0.0038070679,-0.9867757,0.0,0.98634714,-0.030344784,-0.1618594,0.0,-0.2796672,0.56641376,0.4876118,1.0
3078373384,True,True,0.041014962,-0.056029387,-0.0414718,0.16423665,-0.097099856,0.9816302,True,0.0393191,-0.01636566,-0.03928092,0.15190777,-0.13053513,0.979737,True,0.041517455,-0.08500738,-0.043122683,0.15063399,-0.07429605,0.98579377,False,0.0,False,0.0,False,0.0,-0.034502268,-0.9993962,0.0040971935,0.0,-0.16566059,0.0016760826,-0.98618144,0.0,0.98557913,-0.034704268,-0.16561842,0.0,-0.27475452,0.56616765,0.4882918,1.0
3078706724,True,False,0.041014962,-0.056029387,-0.0414718,0.16423665,-0.097099856,0.9816302,False,0.0393191,-0.01636566,-0.03928092,0.15190777,-0.13053513,0.979737,True,0.04175494,-0.08438859,-0.043085918,0.27042913,-0.010812064,0.96267927,False,0.0,False,0.0,False,0.0,-0.042004228,-0.9991172,0.00041872263,0.0,-0.1677993,0.006641507,-0.98579866,0.0,0.98492575,-0.041478097,-0.16793,0.0,-0.26880977,0.56555533,0.48940724,1.0
3079040065,True,False,0.041014962,-0.056029387,-0.0414718,0.16423665,-0.097099856,0.9816302,False,0.0393191,-0.01636566,-0.03928092,0.15190777,-0.13053513,0.979737,False,0.04175494,-0.08438859,-0.043085918,0.27042913,-0.010812064,0.96267927,False,0.0,False,0.0,False,0.0,-0.04946816,-0.9987723,-0.0024966896,0.0,-0.17012173,0.010889411,-0.98536265,0.0,0.98418033,-0.04831958,-0.17045128,0.0,-0.26194593,0.5648713,0.49074167,1.0
3079373404,True,False,0.041014962,-0.056029387,-0.0414718,0.16423665,-0.097099856,0.9816302,False,0.0393191,-0.01636566,-0.03928092,0.15190777,-0.13053513,0.979737,False,0.04175494,-0.08438859,-0.043085918,0.27042913,-0.010812064,0.96267927,False,0.0,False,0.0,False,0.0,-0.057182074,-0.99835014,-0.0052226484,0.0,-0.17260048,0.015038013,-0.9848772,0.0,0.9833307,-0.05541578,-0.1731757,0.0,-0.25406843,0.5639497,0.49232602,1.0
3079706746,True,False,0.041014962,-0.056029387,-0.0414718,0.16423665,-0.097099856,0.9816302,False,0.0393191,-0.01636566,-0.03928092,0.15190777,-0.13053513,0.979737,False,0.04175494,-0.08438859,-0.043085918,0.27042913,-0.010812064,0.96267927,False,0.0,False,0.0,False,0.0,-0.06725359,-0.99771035,-0.007155478,0.0,-0.17556462,0.01889354,-0.98428667,0.0,0.98216814,-0.06494042,-0.17643332,0.0,-0.24528384,0.56232774,0.49425316,1.0
3080040085,True,False,0.041014962,-0.056029387,-0.0414718,0.16423665,-0.097099856,0.9816302,False,0.0393191,-0.01636566,-0.03928092,0.15190777,-0.13053513,0.979737,False,0.04175494,-0.08438859,-0.043085918,0.27042913,-0.010812064,0.96267927,False,0.0,False,0.0,False,0.0,-0.07886493,-0.99684525,-0.008929729,0.0,-0.18029442,0.02307278,-0.98334193,0.0,0.98044586,-0.075941294,-0.18154526,0.0,-0.23574767,0.5600967,0.49640775,1.0
3080706765,True,False,0.041014962,-0.056029387,-0.0414718,0.16423665,-0.097099856,0.9816302,False,0.0393191,-0.01636566,-0.03928092,0.15190777,-0.13053513,0.979737,False,0.04175494,-0.08438859,-0.043085918,0.27042913,-0.010812064,0.96267927,False,0.0,False,0.0,False,0.0,-0.1149925,-0.9933077,-0.010811478,0.0,-0.19775343,0.033556342,-0.97967744,0.0,0.9734838,-0.11051738,-0.20028889,0.0,-0.21466978,0.5531476,0.5012554,1.0
3081040104,True,False,0.041014962,-0.056029387,-0.0414718,0.16423665,-0.097099856,0.9816302,False,0.0393191,-0.01636566,-0.03928092,0.15190777,-0.13053513,0.979737,False,0.04175494,-0.08438859,-0.043085918,0.27042913,-0.010812064,0.96267927,False,0.0,False,0.0,False,0.0,-0.13610494,-0.99065864,-0.008395225,0.0,-0.21412334,0.037689805,-0.9760791,0.0,0.96727777,-0.13105166,-0.21725285,0.0,-0.20341691,0.5493586,0.5034432,1.0
3081373445,True,False,0.041014962,-0.056029387,-0.0414718,0.16423665,-0.097099856,0.9816302,False,0.0393191,-0.01636566,-0.03928092,0.15190777,-0.13053513,0.979737,False,0.04175494,-0.08438859,-0.043085918,0.27042913,-0.010812064,0.96267927,False,0.0,False,0.0,False,0.0,-0.16106105,-0.9869399,-0.0030075908,0.0,-0.23704496,0.041641712,-0.97060585,0.0,0.95805484,-0.15561381,-0.2406559,0.0,-0.19205442,0.545346,0.5053359,1.0
3081706786,True,False,0.041014962,-0.056029387,-0.0414718,0.16423665,-0.097099856,0.9816302,False,0.0393191,-0.01636566,-0.03928092,0.15190777,-0.13053513,0.979737,False,0.04175494,-0.08438859,-0.043085918,0.27042913,-0.010812064,0.96267927,False,0.0,False,0.0,False,0.0,-0.18323076,-0.9830617,0.004061848,0.0,-0.26914492,0.0461905,-0.9619915,0.0,0.9455092,-0.17735964,-0.2730496,0.0,-0.18046951,0.5422468,0.5067465,1.0
3082373465,True,False,0.041014962,-0.056029387,-0.0414718,0.16423665,-0.097099856,0.9816302,False,0.0393191,-0.01636566,-0.03928092,0.15190777,-0.13053513,0.979737,False,0.04175494,-0.08438859,-0.043085918,0.27042913,-0.010812064,0.96267927,False,0.0,False,0.0,False,0.0,-0.2265122,-0.9735005,0.0314523,0.0,-0.36969784,0.056055665,-0.92745966,0.0,0.90111923,-0.22170871,-0.3725984,0.0,-0.15942797,0.5364826,0.5045743,1.0
3083040145,True,False,0.041014962,-0.056029387,-0.0414718,0.16423665,-0.097099856,0.9816302,False,0.0393191,-0.01636566,-0.03928092,0.15190777,-0.13053513,0.979737,True,0.043292537,-0.078805946,-0.046755947,-0.56104165,0.18325223,0.807249,False,0.0,False,0.0,False,0.0,-0.24935305,-0.96546036,0.0755603,0.0,-0.5124839,0.06535137,-0.8562064,0.0,0.82169545,-0.25222108,-0.5110786,0.0,-0.14204888,0.5303101,0.4974073,1.0
3083373484,True,False,0.041014962,-0.056029387,-0.0414718,0.16423665,-0.097099856,0.9816302,False,0.0393191,-0.01636566,-0.03928092,0.15190777,-0.13053513,0.979737,True,0.042370405,-0.07852915,-0.044967752,0.29395455,0.5532946,0.77939457,False,0.0,False,0.0,False,0.0,-0.25124264,-0.9627492,0.09995648,0.0,-0.58850783,0.069953024,-0.8054596,0.0,0.76846325,-0.26119086,-0.5841607,0.0,-0.13475123,0.52705115,0.4928018,1.0
3083706825,True,False,0.041014962,-0.056029387,-0.0414718,0.16423665,-0.097099856,0.9816302,False,0.0393191,-0.01636566,-0.03928092,0.15190777,-0.13053513,0.979737,True,0.04260488,-0.07876914,-0.045539882,0.3379728,0.55942714,0.75684583,False,0.0,False,0.0,False,0.0,-0.25196445,-0.95985997,0.12321895,0.0,-0.659817,0.07725179,-0.74744487,0.0,0.7079235,-0.2696314,-0.6527966,0.0,-0.12817498,0.5237366,0.48819908,1.0
3084040165,True,False,0.041014962,-0.056029387,-0.0414718,0.16423665,-0.097099856,0.9816302,False,0.0393191,-0.01636566,-0.03928092,0.15190777,-0.13053513,0.979737,True,0.04255868,-0.07901325,-0.045343433,0.348115,0.54032147,0.76607347,False,0.0,False,0.0,False,0.0,-0.25530422,-0.9560699,0.1440486,0.0,-0.7184256,0.08787984,-0.6900302,0.0,0.64705825,-0.27965584,-0.70930123,0.0,-0.12125997,0.52092046,0.48412764,1.0
3084373505,True,False,0.041014962,-0.056029387,-0.0414718,0.16423665,-0.097099856,0.9816302,True,0.040252574,-0.010729227,-0.04280446,0.36083433,0.44032922,0.8221366,True,0.042443257,-0.079596825,-0.045120418,0.34834716,0.48579958,0.8016564,False,0.0,False,0.0,False,0.0,-0.256585,-0.9524241,0.16447596,0.0,-0.7637679,0.0955168,-0.63838476,0.0,0.5923028,-0.28942144,-0.75193906,0.0,-0.11339019,0.51933295,0.4803093,1.0
3084706846,True,True,0.041379772,-0.05012672,-0.043811217,0.3302799,0.4402028,0.834947,True,0.040205594,-0.01128933,-0.04213506,0.33681998,0.4127592,0.84627545,True,0.042286307,-0.080111496,-0.045105305,0.32502183,0.46111274,0.825673,False,0.0,False,0.0,False,0.0,-0.2571479,-0.949052,0.18214051,0.0,-0.7976954,0.1020689,-0.59436005,0.0,0.5454877,-0.2981311,-0.78330123,0.0,-0.10434964,0.51890236,0.47651374,1.0
3085040185,True,True,0.041414484,-0.051899,-0.043771725,0.32552987,0.4311151,0.84152836,True,0.04011894,-0.011386385,-0.04209956,0.32254544,0.3860881,0.8642339,True,0.042285312,-0.08024886,-0.04475843,0.3126787,0.43145624,0.84621364,False,0.0,False,0.0,False,0.0,-0.2570455,-0.9459902,0.19755961,0.0,-0.8225157,0.106833994,-0.558618,0.0,0.5073412,-0.3060863,-0.80555296,0.0,-0.0950184,0.51909924,0.47190797,1.0
3085373525,True,False,0.041414484,-0.051899,-0.043771725,0.32552987,0.4311151,0.84152836,True,0.040083688,-0.0115498705,-0.04195956,0.31600899,0.3627149,0.87668484,True,0.042269602,-0.080384724,-0.04455771,0.30632818,0.41122112,0.8585222,False,0.0,False,0.0,False,0.0,-0.2570467,-0.9423198,0.2143836,0.0,-0.84199184,0.109496474,-0.5282615,0.0,0.474317,-0.31629717,-0.82157123,0.0,-0.08584897,0.51896584,0.4667288,1.0
3085706867,True,False,0.041414484,-0.051899,-0.043771725,0.32552987,0.4311151,0.84152836,True,0.040055487,-0.011810153,-0.04161996,0.3093787,0.35426074,0.8824874,True,0.04213404,-0.08061412,-0.044699937,0.29957917,0.40421438,0.8642124,False,0.0,False,0.0,False,0.0,-0.25457907,-0.9385637,0.23299718,0.0,-0.85861385,0.108519435,-0.5010048,0.0,0.4449402,-0.3275999,-0.8334906,0.0,-0.07673246,0.517792,0.46145043,1.0
3086040206,True,True,0.041328117,-0.052912015,-0.04365034,0.30674428,0.40729588,0.86024296,True,0.03984031,-0.011874069,-0.041554917,0.27573103,0.33639133,0.9004518,True,0.041943934,-0.0807604,-0.044518474,0.26854172,0.37814704,0.8859403,False,0.0,False,0.0,False,0.0,-0.24958408,-0.9348361,0.2525661,0.0,-0.87364525,0.104881704,-0.4751252,0.0,0.41767454,-0.33923674,-0.84289193,0.0,-0.06868611,0.51584435,0.45546263,1.0
3086373545,True,True,0.041067243,-0.055351593,-0.04328216,0.26511106,0.34859934,0.89899635,True,0.039646503,-0.011825703,-0.04165197,0.26981717,0.32076058,0.9079159,True,0.04189483,-0.080705374,-0.04423174,0.26226258,0.36467457,0.89343756,False,0.0,False,0.0,False,0.0,-0.24067152,-0.932122,0.27060297,0.0,-0.88786423,0.09878653,-0.44937563,0.0,0.39214095,-0.34841055,-0.85137296,0.0,-0.06230907,0.5137329,0.4484344,1.0
3086706886,True,True,0.040992387,-0.053889506,-0.043181606,0.26193023,0.34339333,0.90192753,True,0.03964044,-0.012115447,-0.04144458,0.26061407,0.30305004,0.91664666,True,0.041819986,-0.08091362,-0.044237442,0.25256282,0.35511968,0.90005666,False,0.0,False,0.0,False,0.0,-0.23143137,-0.9296095,0.2868204,0.0,-0.9011764,0.09378362,-0.42318547,0.0,0.3664981,-0.35641414,-0.8594465,0.0,-0.056506813,0.51118267,0.44103417,1.0
3087040226,True,False,0.040992387,-0.053889506,-0.043181606,0.26193023,0.34339333,0.90192753,True,0.039425172,-0.012133107,-0.041409954,0.24331595,0.28917623,0.92583716,True,0.041729223,-0.08099012,-0.04407371,0.23691815,0.33476296,0.9120327,False,0.0,False,0.0,False,0.0,-0.22262752,-0.92596513,0.3050005,0.0,-0.9131858,0.088520706,-0.39781362,0.0,0.34136274,-0.36708647,-0.8652854,0.0,-0.05186078,0.50853366,0.4331267,1.0
3087373564,True,False,0.040992387,-0.053889506,-0.043181606,0.26193023,0.34339333,0.90192753,True,0.039317455,-0.012347501,-0.04124782,0.22662593,0.26909187,0.9360717,True,0.041601848,-0.081127614,-0.043905336,0.21940514,0.3230101,0.9206117,False,0.0,False,0.0,False,0.0,-0.21280837,-0.92266095,0.32157344,0.0,-0.92428005,0.08335382,-0.3725031,0.0,0.31688964,-0.37649566,-0.8705356,0.0,-0.048274025,0.5062958,0.42437527,1.0
3087706906,True,True,0.04082349,-0.052797288,-0.043029137,0.24452622,0.32323503,0.91418034,True,0.03923447,-0.012472983,-0.04110872,0.21454678,0.2654843,0.9399404,True,0.041496005,-0.08140958,-0.04402865,0.20979513,0.30168277,0.9300396,False,0.0,False,0.0,False,0.0,-0.20290315,-0.9199568,0.33542448,0.0,-0.9339987,0.078955054,-0.34844276,0.0,0.29406887,-0.38398626,-0.8752587,0.0,-0.045584217,0.5044667,0.4147353,1.0
3088373586,True,True,0.040346082,-0.046500847,-0.04258351,0.20533274,0.2720924,0.9401085,True,0.039290164,-0.012464959,-0.04131943,0.2162501,0.26567462,0.93949616,True,0.04149617,-0.08141667,-0.044158954,0.21117266,0.30062005,0.93007183,False,0.0,False,0.0,False,0.0,-0.17968094,-0.9141278,0.36343476,0.0,-0.9528936,0.06996703,-0.2951238,0.0,0.2443525,-0.39934286,-0.8836384,0.0,-0.044191524,0.500599,0.39303502,1.0
3088706925,True,True,0.04047059,-0.050466686,-0.042725384,0.2037822,0.26955736,0.9411756,True,0.03924119,-0.012665633,-0.041165393,0.20345247,0.23830356,0.9496412,True,0.04146897,-0.08157887,-0.04394366,0.19891906,0.27730864,0.9399634,False,0.0,False,0.0,False,0.0,-0.16687584,-0.9106228,0.37804577,0.0,-0.9612785,0.064977765,-0.26780882,0.0,0.21930823,-0.40809813,-0.8862052,0.0,-0.04510562,0.4980697,0.38086185,1.0
3089040266,True,True,0.04040219,-0.049116958,-0.04262744,0.20161478,0.2597915,0.9443831,True,0.03919279,-0.013013144,-0.04084487,0.19939598,0.22150207,0.9545565,True,0.0413503,-0.08188246,-0.044043392,0.19474365,0.26377976,0.9447196,False,0.0,False,0.0,False,0.0,-0.15398467,-0.90639466,0.3933666,0.0,-0.96865135,0.05993235,-0.24108607,0.0,0.19494376,-0.4181587,-0.8872092,0.0,-0.046784356,0.4952491,0.367889,1.0
3089373604,True,True,0.040382877,-0.04956541,-0.042621087,0.19491452,0.24850848,0.94881594,True,0.039105196,-0.013214507,-0.040752478,0.18454595,0.2050537,0.96119505,True,0.041272618,-0.0820857,-0.04408044,0.18048821,0.24642453,0.95220745,False,0.0,False,0.0,False,0.0,-0.14194691,-0.90199584,0.40774277,0.0,-0.9745837,0.055227637,-0.21710868,0.0,0.17331257,-0.4281975,-0.8869097,0.0,-0.048875898,0.4922344,0.35394385,1.0
3089706946,True,True,0.040352672,-0.049956355,-0.042605113,0.18892127,0.23452844,0.95357484,True,0.038907256,-0.013249497,-0.040859308,0.1802466,0.18806285,0.96547586,True,0.04121412,-0.08215212,-0.043828342,0.17665994,0.22714669,0.9577033,False,0.0,False,0.0,False,0.0,-0.13194752,-0.8966274,0.4226694,0.0,-0.9789692,0.050941527,-0.19754618,0.0,0.15559381,-0.43984598,-0.8844924,0.0,-0.05121444,0.48917437,0.33886594,1.0
3090040286,True,True,0.040343706,-0.05156698,-0.042645704,0.1798384,0.22503331,0.95761055,True,0.038739968,-0.013456753,-0.040633217,0.1665694,0.1804572,0.96937597,True,0.040973958,-0.0823146,-0.04388488,0.16285409,0.22318819,0.9610753,False,0.0,False,0.0,False,0.0,-0.12163401,-0.89221823,0.43491572,0.0,-0.9820744,0.044612408,-0.18313834,0.0,0.14399678,-0.44939545,-0.8816509,0.0,-0.053511485,0.4869063,0.3223361,1.0
3090706967,True,True,0.04031702,-0.052650668,-0.042650543,0.17333303,0.20617147,0.9630415,True,0.038807686,-0.013481139,-0.04073081,0.17544076,0.1688501,0.9699022,True,0.04112673,-0.0823523,-0.043780223,0.17109782,0.21069646,0.96246165,False,0.0,False,0.0,False,0.0,-0.09186292,-0.8879992,0.45057642,0.0,-0.9868487,0.020745635,-0.16031086,0.0,0.13300832,-0.45937723,-0.87822676,0.0,-0.058179185,0.48642945,0.28443632,1.0
3091040306,True,True,0.04029131,-0.052351143,-0.042628575,0.17134997,0.19935384,0.9648301,True,0.038866006,-0.013574578,-0.040691588,0.17189956,0.1700021,0.9703349,True,0.041144717,-0.08243938,-0.044011224,0.1681842,0.21122858,0.96285856,False,0.0,False,0.0,False,0.0,-0.07399666,-0.8866385,0.45650494,0.0,-0.98875797,0.0055865645,-0.14942078,0.0,0.12993188,-0.46242946,-0.8770844,0.0,-0.060489014,0.48622477,0.26362172,1.0
3091373646,True,True,0.040308066,-0.053854447,-0.04267938,0.17170595,0.19943856,0.9647493,True,0.03892696,-0.0135752,-0.040579595,0.17733002,0.17341161,0.96875304,True,0.0411574,-0.08237981,-0.04401487,0.17340088,0.2208463,0.9597702,False,0.0,False,0.0,False,0.0,-0.057923794,-0.88425773,0.46339285,0.0,-0.99022514,-0.008104086,-0.1392421,0.0,0.1268813,-0.46692872,-0.87514496,0.0,-0.062400714,0.48568535,0.24166793,1.0
3091706986,True,True,0.04030507,-0.054723375,-0.042675756,0.17333291,0.19847296,0.9646575,True,0.038971502,-0.013618325,-0.04059326,0.18136185,0.16985403,0.96863693,True,0.041246545,-0.08239636,-0.044020798,0.1769515,0.21977007,0.9593693,False,0.0,False,0.0,False,0.0,-0.043486953,-0.882797,0.46773732,0.0,-0.99124384,-0.020300388,-0.1304736,0.0,0.124677,-0.46931565,-0.87418437,0.0,-0.063840106,0.484988,0.21824469,1.0
3092040326,True,True,0.040290456,-0.054686904,-0.042656664,0.17722663,0.19866864,0.9639093,True,0.039057564,-0.013502179,-0.040800214,0.18921295,0.17392717,0.96640974,True,0.041400354,-0.082323715,-0.043918893,0.18484128,0.22021271,0.95777875,False,0.0,False,0.0,False,0.0,-0.03148973,-0.88144356,0.47123855,0.0,-0.991842,-0.030709505,-0.123719454,0.0,0.12352316,-0.47129005,-0.87328565,0.0,-0.06469019,0.48390037,0.19340475,1.0
3092707007,True,True,0.04036229,-0.056017686,-0.042716306,0.19550958,0.19915393,0.9602674,True,0.039308958,-0.013623579,-0.04074475,0.2161284,0.17157702,0.96117103,True,0.041579712,-0.0823569,-0.04419363,0.21022752,0.22603588,0.95116365,False,0.0,False,0.0,False,0.0,-0.016881943,-0.87840396,0.47762018,0.0,-0.9925044,-0.04310274,-0.11435321,0.0,0.12103517,-0.47597077,-0.8710921,0.0,-0.0647213,0.47914872,0.14038113,1.0
3093373685,True,True,0.040484045,-0.056427993,-0.042782985,0.20771387,0.20020768,0.9574819,True,0.03932537,-0.013572121,-0.04090415,0.22045085,0.16732486,0.9609391,True,0.041623887,-0.082279645,-0.044175707,0.21508095,0.22534208,0.95024264,False,0.0,False,0.0,False,0.0,-0.005938649,-0.87036544,0.4923706,0.0,-0.9933285,-0.051572442,-0.10314521,0.0,0.11516671,-0.48969826,-0.86425257,0.0,-0.06395357,0.4694466,0.08575672,1.0
3093707026,True,True,0.040549748,-0.05671952,-0.042834017,0.21384516,0.20189719,0.9557759,True,0.03931289,-0.013701713,-0.040891886,0.22779103,0.16599458,0.9594567,True,0.04162453,-0.08236671,-0.044363063,0.2219813,0.22740026,0.9481632,False,0.0,False,0.0,False,0.0,0.0007555485,-0.86631405,0.49949914,0.0,-0.99390996,-0.05569184,-0.095086485,0.0,0.110192776,-0.4963853,-0.8610803,0.0,-0.06356181,0.46282995,0.058518376,1.0
3094040367,True,True,0.040604573,-0.056744833,-0.04288614,0.22064938,0.1994714,0.95473814,True,0.039305415,-0.013559119,-0.041262012,0.23448195,0.16391969,0.95820075,True,0.041693967,-0.082284346,-0.0442754,0.22920473,0.22110718,0.9479329,False,0.0,False,0.0,False,0.0,0.0054038763,-0.8621601,0.5066074,0.0,-0.99412704,-0.059390903,-0.09046857,0.0,0.1080862,-0.50314313,-0.8574176,0.0,-0.06257093,0.45548636,0.03193236,1.0
3094707047,True,True,0.04065824,-0.05567944,-0.04293431,0.22929424,0.19891755,0.95281464,True,0.039266318,-0.013621439,-0.041183777,0.23421614,0.17115027,0.95700073,True,0.041602824,-0.082301,-0.04452022,0.22857133,0.23194094,0.94549376,False,0.0,False,0.0,False,0.0,0.01526171,-0.8497694,0.5269339,0.0,-0.9942029,-0.06899321,-0.08246735,0.0,0.106433034,-0.52262056,-0.84589624,0.0,-0.059365004,0.43867785,-0.018208357,1.0
3095040386,True,True,0.04066151,-0.054921515,-0.042957064,0.23119983,0.20277664,0.9515398,True,0.039225273,-0.013541087,-0.041217264,0.23491834,0.1808221,0.955048,True,0.041548233,-0.08222143,-0.044597317,0.22881529,0.24146587,0.94304705,False,0.0,False,0.0,False,0.0,0.018745422,-0.8432031,0.5372679,0.0,-0.9939752,-0.07375586,-0.08107489,0.0,0.107989356,-0.5325113,-0.83950555,0.0,-0.057514235,0.4303698,-0.040282086,1.0
3095707067,True,True,0.04065765,-0.054437377,-0.04305185,0.23188636,0.21594341,0.9484708,True,0.039099272,-0.013351187,-0.041402355,0.23199317,0.19348605,0.95327985,True,0.04151284,-0.08202635,-0.04459702,0.22598599,0.2553959,0.940055,False,0.0,False,0.0,False,0.0,0.02357179,-0.83217114,0.5540179,0.0,-0.9934744,-0.08135855,-0.07993598,0.0,0.11159442,-0.5485183,-0.8286586,0.0,-0.05244778,0.41192114,-0.08316232,1.0
3096707086,True,True,0.040621385,-0.054431733,-0.04319943,0.23457341,0.24215415,0.94145447,True,0.039120175,-0.013082091,-0.041545328,0.23774865,0.21590236,0.9470279,True,0.041536726,-0.08171024,-0.04457106,0.23064077,0.2837334,0.9307524,False,0.0,False,0.0,False,0.0,0.025276363,-0.81969166,0.5722472,0.0,-0.99243355,-0.08937681,-0.08418764,0.0,0.12015349,-0.56578934,-0.8157487,0.0,-0.043831307,0.38393536,-0.13899313,1.0
3097040427,True,True,0.04059293,-0.054181688,-0.043238677,0.23466125,0.25139666,0.9390067,True,0.03904909,-0.013080529,-0.041503455,0.23721424,0.22405872,0.94526565,True,0.041423943,-0.081728205,-0.044787426,0.22951266,0.28857824,0.92954105,False,0.0,False,0.0,False,0.0,0.025528789,-0.8139674,0.5803493,0.0,-0.9922307,-0.09134328,-0.08446647,0.0,0.12176402,-0.5736841,-0.8099754,0.0,-0.041175313,0.37430114,-0.15508403,1.0
3097707106,True,True,0.04053841,-0.054249473,-0.04332211,0.23332606,0.26405677,0.93585944,True,0.0389079,-0.012869853,-0.041740198,0.2339956,0.23095225,0.94440836,True,0.04138661,-0.081466116,-0.044603672,0.22584477,0.30266452,0.9259526,False,0.0,False,0.0,False,0.0,0.023267627,-0.8029182,0.5956348,0.0,-0.99214196,-0.091808915,-0.08500236,0.0,0.12293458,-0.5889765,-0.7987449,0.0,-0.03642959,0.35583594,-0.1832944,1.0
3098040447,True,True,0.040507756,-0.054411724,-0.043366574,0.23030336,0.26603693,0.9360473,True,0.038850464,-0.012953566,-0.041621294,0.22677268,0.22646163,0.9472535,True,0.041243136,-0.08148333,-0.044747017,0.21825439,0.3045438,0.927156,False,0.0,False,0.0,False,0.0,0.02178806,-0.7970909,0.6034662,0.0,-0.9923514,-0.09060311,-0.08384463,0.0,0.12150766,-0.5970237,-0.7929683,0.0,-0.034811236,0.34736195,-0.19533962,1.0
3098373786,True,True,0.040454723,-0.054092653,-0.04338328,0.22620568,0.26793456,0.93650514,True,0.038728796,-0.0129147135,-0.04162606,0.22068928,0.2329766,0.9471104,True,0.041155964,-0.08150265,-0.044767253,0.21265769,0.3043968,0.92850375,False,0.0,False,0.0,False,0.0,0.020323396,-0.79120606,0.6112119,0.0,-0.9926353,-0.08899236,-0.08219311,0.0,0.11942485,-0.6050401,-0.7871878,0.0,-0.033718728,0.33971602,-0.20589125,1.0
3099040467,True,True,0.04036835,-0.054130435,-0.043418854,0.21955892,0.26539958,0.938806,True,0.038662404,-0.013121051,-0.04160141,0.21686384,0.19945218,0.9556092,True,0.041064806,-0.08162014,-0.044557665,0.20899987,0.28138804,0.9365575,False,0.0,False,0.0,False,0.0,0.016484916,-0.78332794,0.6213899,0.0,-0.99352276,-0.08271515,-0.07791412,0.0,0.11243075,-0.61608064,-0.7796178,0.0,-0.033321187,0.32725403,-0.22353871,1.0
3099373807,True,True,0.040306322,-0.053521775,-0.043400463,0.2149878,0.257494,0.9420598,True,0.038666718,-0.01319673,-0.04147847,0.20954837,0.19897039,0.9573401,True,0.041044757,-0.0817473,-0.04461776,0.20254968,0.27469808,0.9399546,False,0.0,False,0.0,False,0.0,0.0141294,-0.7801802,0.6253953,0.0,-0.9940597,-0.07846367,-0.07542479,0.0,0.1079157,-0.6206145,-0.77665424,0.0,-0.033904128,0.32221138,-0.2306506,1.0
3099707147,True,True,0.04022236,-0.052744538,-0.043364033,0.21291558,0.25191477,0.94403684,True,0.03866146,-0.013266457,-0.04134483,0.21299554,0.19632348,0.95712596,True,0.0409879,-0.08178682,-0.04464937,0.2054146,0.27457887,0.93936753,False,0.0,False,0.0,False,0.0,0.012942314,-0.7776396,0.6285771,0.0,-0.99444926,-0.07565689,-0.07312274,0.0,0.10441932,-0.62414163,-0.77430224,0.0,-0.03472121,0.31760344,-0.23689477,1.0
3100040488,True,True,0.040168338,-0.05262286,-0.043358564,0.2107525,0.24818987,0.94550776,True,0.038687024,-0.013292945,-0.041373488,0.21099257,0.19281645,0.9582818,True,0.041006606,-0.0818205,-0.044690777,0.20391794,0.27033228,0.9409239,False,0.0,False,0.0,False,0.0,0.013955474,-0.7758767,0.6307303,0.0,-0.9947948,-0.07445133,-0.06957361,0.0,0.100939214,-0.62647617,-0.7728771,0.0,-0.03566039,0.31342924,-0.24253222,1.0
3100373826,True,True,0.04011315,-0.052267943,-0.043321956,0.20920005,0.24598022,0.94642955,True,0.03862616,-0.013286377,-0.041387297,0.21062589,0.19344807,0.95823514,True,0.04099856,-0.08181649,-0.044550944,0.20384885,0.27104375,0.94073427,False,0.0,False,0.0,False,0.0,0.015068233,-0.7717186,0.6357859,0.0,-0.9949801,-0.074488044,-0.066832095,0.0,0.098933876,-0.63158715,-0.76896715,0.0,-0.036595687,0.30939204,-0.24716118,1.0
3101040506,True,True,0.039979983,-0.051227767,-0.043217067,0.20342664,0.24070357,0.9490412,True,0.038491275,-0.013256946,-0.04133103,0.20152095,0.19554827,0.9597657,True,0.04089255,-0.08177135,-0.044436846,0.19462527,0.27532178,0.9414451,False,0.0,False,0.0,False,0.0,0.015450954,-0.76267093,0.64660233,0.0,-0.99493724,-0.075953245,-0.06581229,0.0,0.09930456,-0.6423118,-0.7599833,0.0,-0.038026232,0.30280772,-0.2543266,1.0
3101373847,True,True,0.03995127,-0.051645745,-0.043203764,0.19820997,0.24051608,0.9501919,True,0.038447052,-0.013276612,-0.04127325,0.19335766,0.19429944,0.9616967,True,0.040806573,-0.081782356,-0.044466678,0.18617983,0.2747225,0.94332635,False,0.0,False,0.0,False,0.0,0.013733149,-0.7590667,0.65086806,0.0,-0.99490607,-0.07538557,-0.06692514,0.0,0.09986672,-0.6466334,-0.75623536,0.0,-0.03868489,0.3003597,-0.2570235,1.0
3101707188,True,True,0.03993555,-0.052198786,-0.043195,0.19283201,0.24029921,0.9513527,True,0.038422853,-0.013260011,-0.041275244,0.18774608,0.19550282,0.9625643,True,0.040786877,-0.081789516,-0.04445897,0.18125747,0.27331224,0.9446936,False,0.0,False,0.0,False,0.0,0.01192683,-0.75555533,0.65497637,0.0,-0.9948489,-0.074909806,-0.06829697,0.0,0.100666195,-0.6507879,-0.7525568,0.0,-0.039350875,0.29847887,-0.259269,1.0
3102373866,True,True,0.039922472,-0.053740405,-0.04321777,0.18123904,0.24615481,0.9521345,True,0.038344074,-0.013220446,-0.041270826,0.17416838,0.19606231,0.965,True,0.040693488,-0.08176428,-0.044442356,0.16836935,0.27245376,0.9473229,False,0.0,False,0.0,False,0.0,0.008184433,-0.75072986,0.66055834,0.0,-0.9945341,-0.074872375,-0.07277119,0.0,0.10408926,-0.65635234,-0.7472391,0.0,-0.040941324,0.29632306,-0.26209992,1.0
3102707207,True,True,0.039903454,-0.05429057,-0.043222457,0.17773351,0.2453783,0.9529954,True,0.038340155,-0.013267236,-0.041159477,0.17775121,0.19369426,0.9648248,True,0.040632837,-0.08177154,-0.044485178,0.17133693,0.2735484,0.946475,False,0.0,False,0.0,False,0.0,0.008075535,-0.7489691,0.66255575,0.0,-0.99442196,-0.07569742,-0.07344979,0.0,0.10516542,-0.65826684,-0.7454026,0.0,-0.04208605,0.29597318,-0.26295307,1.0
3103040547,True,True,0.03988733,-0.054763686,-0.043227468,0.17577633,0.24472879,0.95352525,True,0.038363885,-0.013283192,-0.041116178,0.17860775,0.19452122,0.96450037,True,0.040652193,-0.08180403,-0.04450337,0.17262486,0.2724499,0.9465578,False,0.0,False,0.0,False,0.0,0.008859158,-0.7496411,0.6617853,0.0,-0.9944964,-0.07569826,-0.072434515,0.0,0.10439587,-0.65750134,-0.746186,0.0,-0.043491766,0.29622617,-0.26369688,1.0
3103373887,True,True,0.039868824,-0.055031642,-0.043217458,0.17417808,0.24383813,0.9540465,True,0.038405564,-0.013304318,-0.041209478,0.1782867,0.19029479,0.9654024,True,0.040734086,-0.08181803,-0.04442531,0.17165335,0.26976132,0.94750404,False,0.0,False,0.0,False,0.0,0.009378672,-0.7506271,0.6606597,0.0,-0.99460024,-0.07529187,-0.07142553,0.0,0.10335621,-0.6564224,-0.7472801,0.0,-0.04480549,0.2966402,-0.26414898,1.0
3103707227,True,True,0.039838884,-0.05490581,-0.043192115,0.174429,0.24108219,0.9547008,True,0.038391925,-0.013283809,-0.041204773,0.18172306,0.18844269,0.96512496,True,0.040727306,-0.08180093,-0.04434608,0.17489815,0.2677853,0.9474712,False,0.0,False,0.0,False,0.0,0.009581208,-0.75061303,0.6606727,0.0,-0.99449414,-0.07610309,-0.072040826,0.0,0.104353964,-0.6563449,-0.7472094,0.0,-0.04578817,0.29689136,-0.26449832,1.0
