timestamp,sensor ticks 0,soc ticks 0,x 0,y 0,z 0,temperature 0,sensor ticks 1,soc ticks 1,x 1,y 1,z 1,temperature 1,sensor ticks 2,soc ticks 2,x 2,y 2,z 2,temperature 2,sensor ticks 3,soc ticks 3,x 3,y 3,z 3,temperature 3,sensor ticks 4,soc ticks 4,x 4,y 4,z 4,temperature 4,sensor ticks 5,soc ticks 5,x 5,y 5,z 5,temperature 5,sensor ticks 6,soc ticks 6,x 6,y 6,z 6,temperature 6,sensor ticks 7,soc ticks 7,x 7,y 7,z 7,temperature 7,sensor ticks 8,soc ticks 8,x 8,y 8,z 8,temperature 8,sensor ticks 9,soc ticks 9,x 9,y 9,z 9,temperature 9,sensor ticks 10,soc ticks 10,x 10,y 10,z 10,temperature 10,pose 00,pose 01,pose 02,pose 03,pose 10,pose 11,pose 12,pose 13,pose 20,pose 21,pose 22,pose 23,pose 30,pose 31,pose 32,pose 33
3006833332,306518775041,3006833332,376.95001220703125,468.7500305175781,-248.5500030517578,0.0,306538772358,3006833332,378.0,468.45001220703125,-248.25001525878906,0.0,306558781028,3006833332,376.5,467.8500061035156,-247.35000610351562,0.0,306578774184,3006833332,376.6500244140625,469.0500183105469,-248.5500030517578,0.0,306598786458,3006833332,377.1000061035156,468.6000061035156,-248.70001220703125,0.0,306618771834,3006833332,377.70001220703125,469.6500244140625,-248.25001525878906,0.0,306638774168,3006833332,376.8000183105469,467.5500183105469,-249.75001525878906,0.0,306658779837,3006833332,376.20001220703125,468.9000244140625,-249.45001220703125,0.0,306678772850,3006833332,378.0,468.7500305175781,-249.3000030517578,0.0,306698787887,3006833332,376.95001220703125,468.7500305175781,-249.60000610351562,0.0,306718771707,3006833332,376.8000183105469,468.3000183105469,-249.45001220703125,0.0,-0.2054596,-0.8717593,0.4447726,0.0,-0.8983244,-0.01233983,-0.43915993,0.0,0.38832998,-0.48977947,-0.78058743,0.0,-0.61245143,0.48362258,0.43711993,1.0
3009029427,306738773136,3009029427,375.9000244140625,469.0500183105469,-247.8000030517578,0.0,306758779011,3009029427,376.8000183105469,468.3000183105469,-248.40000915527344,0.0,306778773215,3009029427,377.5500183105469,468.6000061035156,-248.70001220703125,0.0,306798786506,3009029427,378.0,469.6500244140625,-248.25001525878906,0.0,306818771294,3009029427,376.5,469.5000305175781,-249.15000915527344,0.0,306838771611,3009029427,376.6500244140625,468.7500305175781,-247.50001525878906,0.0,306858797066,3009029427,378.0,468.7500305175781,-249.90000915527344,0.0,306878775931,3009029427,378.1500244140625,470.5500183105469,-248.10000610351562,0.0,306898786442,3009029427,376.6500244140625,469.0500183105469,-248.85000610351562,0.0,306918771564,3009029427,376.95001220703125,469.3500061035156,-247.50001525878906,0.0,306938772818,3009029427,376.5,467.8500061035156,-247.0500030517578,0.0,-0.20215285,-0.86916155,0.4513231,0.0,-0.90523905,-0.010030627,-0.4247843,0.0,0.37373322,-0.4944266,-0.7847712,0.0,-0.6312184,0.4825457,0.45271242,1.0
3011228369,306958780186,3011228369,376.95001220703125,470.4000244140625,-248.5500030517578,0.0,306978773882,3011228369,376.95001220703125,469.0500183105469,-249.3000030517578,0.0,306998783791,3011228369,377.8500061035156,468.9000244140625,-247.65000915527344,0.0,307018772644,3011228369,376.6500244140625,468.7500305175781,-248.5500030517578,0.0,307038781155,3011228369,377.70001220703125,469.0500183105469,-247.8000030517578,0.0,307058780027,3011228369,378.0,469.3500061035156,-249.3000030517578,0.0,307078774168,3011228369,378.6000061035156,470.1000061035156,-249.3000030517578,0.0,307098786331,3011228369,378.1500244140625,472.20001220703125,-249.75001525878906,0.0,307118772707,3011228369,377.8500061035156,470.8500061035156,-249.15000915527344,0.0,307138778392,3011228369,376.3500061035156,470.1000061035156,-248.25001525878906,0.0,307158775835,3011228369,376.8000183105469,470.2500305175781,-248.70001220703125,0.0,-0.20149183,-0.86211056,0.464937,0.0,-0.9138089,-0.005439639,-0.406108,0.0,0.35263905,-0.50669104,-0.78670824,0.0,-0.6485931,0.47890094,0.47072136,1.0
3013422601,307178774136,3013422601,377.1000061035156,470.2500305175781,-249.15000915527344,0.0,307198782314,3013422601,377.25,470.4000244140625,-249.60000610351562,0.0,307218782552,3013422601,377.1000061035156,469.8000183105469,-248.70001220703125,0.0,307238776931,3013422601,377.1000061035156,469.5000305175781,-249.45001220703125,0.0,307258782409,3013422601,377.70001220703125,471.0000305175781,-247.8000030517578,0.0,307278774549,3013422601,378.0,471.0000305175781,-249.60000610351562,0.0,307298784267,3013422601,377.1000061035156,470.5500183105469,-249.75001525878906,0.0,307318780551,3013422601,377.70001220703125,472.0500183105469,-248.25001525878906,0.0,307338779630,3013422601,377.25,469.6500244140625,-249.3000030517578,0.0,307358779630,3013422601,378.0,470.1000061035156,-248.25001525878906,0.0,307378773739,3013422601,377.1000061035156,472.5000305175781,-248.40000915527344,0.0,-0.18827057,-0.86018306,0.47396126,0.0,-0.92433816,-0.007890344,-0.3814928,0.0,0.33189335,-0.50992435,-0.7936145,0.0,-0.6639216,0.47648406,0.48115015,1.0
3015622516,307398783441,3015622516,377.1000061035156,470.8500061035156,-248.40000915527344,0.0,307418774374,3015622516,376.5,471.1500244140625,-246.60000610351562,0.0,307438775168,3015622516,378.6000061035156,471.6000061035156,-247.50001525878906,0.0,307458774898,3015622516,378.1500244140625,470.8500061035156,-248.10000610351562,0.0,307478773517,3015622516,377.70001220703125,470.4000244140625,-248.5500030517578,0.0,307498783632,3015622516,377.25,469.3500061035156,-248.5500030517578,0.0,307518773025,3015622516,376.5,472.5000305175781,-247.0500030517578,0.0,307538774200,3015622516,376.6500244140625,472.3500061035156,-246.75001525878906,0.0,307558775232,3015622516,377.25,472.3500061035156,-247.20001220703125,0.0,307578772898,3015622516,378.45001220703125,471.7500305175781,-247.35000610351562,0.0,307598783378,3015622516,376.95001220703125,470.70001220703125,-246.75001525878906,0.0,-0.16662908,-0.8616663,0.47933882,0.0,-0.93107533,-0.022512197,-0.36413157,0.0,0.32455093,-0.50697553,-0.7985251,0.0,-0.6732408,0.47510865,0.4798168,1.0
3017831351,307618774358,3017831351,377.8500061035156,471.45001220703125,-247.65000915527344,0.0,307638774231,3017831351,377.25,470.70001220703125,-247.8000030517578,0.0,307658783267,3017831351,377.70001220703125,472.3500061035156,-246.75001525878906,0.0,307678788062,3017831351,379.0500183105469,472.95001220703125,-246.75001525878906,0.0,307698783235,3017831351,377.5500183105469,471.7500305175781,-247.0500030517578,0.0,307718774295,3017831351,378.45001220703125,471.1500244140625,-247.65000915527344,0.0,307738776312,3017831351,376.8000183105469,471.1500244140625,-246.3000030517578,0.0,307758774231,3017831351,379.0500183105469,471.6000061035156,-246.15000915527344,0.0,307778778995,3017831351,379.95001220703125,471.0000305175781,-248.5500030517578,0.0,307798781663,3017831351,378.1500244140625,471.45001220703125,-247.65000915527344,0.0,307818773882,3017831351,378.1500244140625,470.8500061035156,-245.5500030517578,0.0,-0.15899205,-0.857081,0.49003428,0.0,-0.93349475,-0.031084776,-0.35724115,0.0,0.3214172,-0.51424295,-0.79513836,0.0,-0.6719357,0.47314686,0.46989673,1.0
3020021853,307838774898,3020021853,376.95001220703125,471.3000183105469,-247.20001220703125,0.0,307858774390,3020021853,378.3000183105469,472.0500183105469,-246.75001525878906,0.0,307878780345,3020021853,377.8500061035156,472.8000183105469,-247.35000610351562,0.0,307898784172,3020021853,376.95001220703125,472.3500061035156,-247.50001525878906,0.0,307918772437,3020021853,378.6000061035156,472.3500061035156,-247.50001525878906,0.0,307938775549,3020021853,379.5,472.8000183105469,-246.60000610351562,0.0,307958772961,3020021853,378.6000061035156,472.3500061035156,-247.20001220703125,0.0,307978780551,3020021853,376.8000183105469,472.5000305175781,-247.0500030517578,0.0,307998783203,3020021853,379.3500061035156,472.3500061035156,-246.75001525878906,0.0,308018773533,3020021853,378.6000061035156,471.6000061035156,-246.75001525878906,0.0,308038773549,3020021853,377.70001220703125,471.6000061035156,-247.50001525878906,0.0,-0.16347182,-0.85423696,0.49351415,0.0,-0.9336823,-0.027594566,-0.3570375,0.0,0.31861296,-0.51915103,-0.79307497,0.0,-0.6645537,0.4729092,0.46112978,1.0
3022220832,308058772834,3022220832,378.1500244140625,471.7500305175781,-246.60000610351562,0.0,308078781631,3022220832,377.70001220703125,472.95001220703125,-247.20001220703125,0.0,308098783060,3022220832,379.20001220703125,473.1000061035156,-247.0500030517578,0.0,308118772469,3022220832,378.75,471.1500244140625,-247.35000610351562,0.0,308138775041,3022220832,377.70001220703125,471.0000305175781,-247.8000030517578,0.0,308158773596,3022220832,377.70001220703125,472.0500183105469,-247.50001525878906,0.0,308178779646,3022220832,377.5500183105469,471.45001220703125,-248.10000610351562,0.0,308198783505,3022220832,377.5500183105469,471.7500305175781,-247.35000610351562,0.0,308218773771,3022220832,377.70001220703125,471.0000305175781,-246.75001525878906,0.0,308238773898,3022220832,378.1500244140625,471.45001220703125,-248.40000915527344,0.0,308258772945,3022220832,377.25,470.70001220703125,-248.85000610351562,0.0,-0.18993616,-0.8527121,0.48662758,0.0,-0.922115,-0.015239477,-0.3866157,0.0,0.3370878,-0.52215886,-0.7834041,0.0,-0.6501541,0.47419316,0.4566552,1.0
3024424680,308278782536,3024424680,378.45001220703125,471.7500305175781,-247.65000915527344,0.0,308298784426,3024424680,377.70001220703125,472.3500061035156,-248.5500030517578,0.0,308318773755,3024424680,378.0,471.6000061035156,-247.50001525878906,0.0,308338772929,3024424680,376.6500244140625,471.3000183105469,-248.5500030517578,0.0,308358773771,3024424680,377.25,471.6000061035156,-248.25001525878906,0.0,308378811277,3024424680,376.95001220703125,469.6500244140625,-248.25001525878906,0.0,308398784362,3024424680,376.20001220703125,469.8000183105469,-248.70001220703125,0.0,308418772040,3024424680,375.0,468.45001220703125,-249.90000915527344,0.0,308438776867,3024424680,375.0,469.3500061035156,-251.40000915527344,0.0,308458794223,3024424680,376.6500244140625,468.0000305175781,-248.85000610351562,0.0,308478780599,3024424680,374.8500061035156,467.2500305175781,-250.50001525878906,0.0,-0.30052876,-0.8690476,0.39298645,0.0,-0.79289895,-0.001355052,-0.6093513,0.0,0.53008795,-0.49472627,-0.68865967,0.0,-0.60535467,0.48230752,0.46976122,1.0
3026625589,308498784315,3026625589,375.9000244140625,465.45001220703125,-251.70001220703125,0.0,308518773993,3026625589,375.45001220703125,464.4000244140625,-251.85000610351562,0.0,308538773707,3026625589,375.75,463.95001220703125,-252.90000915527344,0.0,308558773168,3026625589,373.5,463.0500183105469,-254.40000915527344,0.0,308578780917,3026625589,373.6500244140625,462.6000061035156,-254.85000610351562,0.0,308598782235,3026625589,374.25,461.5500183105469,-256.95001220703125,0.0,308618771961,3026625589,373.6500244140625,458.2500305175781,-257.70001220703125,0.0,308638778471,3026625589,372.45001220703125,460.8000183105469,-257.8500061035156,0.0,308658773533,3026625589,375.0,458.2500305175781,-260.8500061035156,0.0,308678780869,3026625589,373.0500183105469,458.4000244140625,-261.3000183105469,0.0,308698782981,3026625589,373.3500061035156,458.70001220703125,-262.20001220703125,0.0,-0.4530046,-0.8825648,0.12595984,0.0,-0.22688636,-0.02250433,-0.97366107,0.0,0.86215377,-0.4696517,-0.19004726,0.0,-0.52203286,0.48693186,0.5431041,1.0
3028833482,308718772898,3028833482,373.5,457.5000305175781,-262.3500061035156,0.0,308738775438,3028833482,373.5,459.1500244140625,-263.1000061035156,0.0,308758773422,3028833482,372.3000183105469,458.2500305175781,-263.5500183105469,0.0,308778774200,3028833482,372.6000061035156,459.3000183105469,-266.70001220703125,0.0,308798785379,3028833482,374.70001220703125,457.6500244140625,-267.1500244140625,0.0,308818774263,3028833482,373.0500183105469,459.45001220703125,-266.8500061035156,0.0,308838773199,3028833482,372.9000244140625,459.6000061035156,-266.4000244140625,0.0,308858771977,3028833482,372.45001220703125,460.3500061035156,-266.8500061035156,0.0,308878780234,3028833482,370.8000183105469,459.45001220703125,-268.3500061035156,0.0,308898783013,3028833482,372.75,460.8000183105469,-267.9000244140625,0.0,308918774962,3028833482,372.1500244140625,460.3500061035156,-268.6500244140625,0.0,-0.50459766,-0.8632467,0.013640881,0.0,-0.01385203,-0.0077027082,-0.99987423,0.0,0.8632433,-0.5047233,-0.008070707,0.0,-0.49559718,0.48001495,0.5845968,1.0
3031022963,308938775486,3031022963,372.0,461.2500305175781,-268.5,0.0,308958773882,3031022963,372.45001220703125,459.1500244140625,-268.3500061035156,0.0,308978772342,3031022963,372.6000061035156,459.9000244140625,-269.1000061035156,0.0,308998784918,3031022963,372.75,459.7500305175781,-268.95001220703125,0.0,309018773739,3031022963,372.6000061035156,461.2500305175781,-269.8500061035156,0.0,309038775470,3031022963,372.6000061035156,460.6500244140625,-269.8500061035156,0.0,309058771929,3031022963,373.3500061035156,460.20001220703125,-270.9000244140625,0.0,309078770992,3031022963,372.75,459.7500305175781,-270.75,0.0,309098783346,3031022963,372.9000244140625,460.95001220703125,-268.5,0.0,309118775359,3031022963,372.1500244140625,460.8000183105469,-271.8000183105469,0.0,309138773390,3031022963,371.5500183105469,459.6000061035156,-269.1000061035156,0.0,-0.51708174,-0.85553586,-0.026174396,0.0,0.012077481,0.023284018,-0.99965596,0.0,0.85585093,-0.5172199,-0.001707077,0.0,-0.44425914,0.47834677,0.59582686,1.0
3033223196,309158781409,3033223196,373.8000183105469,460.3500061035156,-270.0,0.0,309178782076,3033223196,371.8500061035156,460.3500061035156,-271.8000183105469,0.0,309198787078,3033223196,373.3500061035156,461.5500183105469,-273.0,0.0,309218775010,3033223196,372.1500244140625,460.0500183105469,-271.5,0.0,309238773660,3033223196,372.1500244140625,463.0500183105469,-273.6000061035156,0.0,309258788364,3033223196,373.5,464.4000244140625,-273.6000061035156,0.0,309278772453,3033223196,372.3000183105469,463.20001220703125,-273.75,0.0,309298781885,3033223196,373.6500244140625,464.5500183105469,-275.4000244140625,0.0,309318774898,3033223196,372.9000244140625,463.8000183105469,-275.1000061035156,0.0,309338774692,3033223196,371.8500061035156,465.6000061035156,-276.3000183105469,0.0,309358773930,3033223196,372.6000061035156,465.7500305175781,-274.0500183105469,0.0,-0.62027574,-0.77819574,-0.098335,0.0,0.09003052,0.053904533,-0.9944793,0.0,0.7792002,-0.6257043,0.036625564,0.0,-0.33912063,0.44474587,0.5909936,1.0
3035423602,309378778916,3035423602,372.6000061035156,466.0500183105469,-276.1500244140625,0.0,309398784076,3035423602,374.4000244140625,468.3000183105469,-275.70001220703125,0.0,309418772913,3035423602,373.95001220703125,467.1000061035156,-275.4000244140625,0.0,309438773533,3035423602,373.0500183105469,467.8500061035156,-275.70001220703125,0.0,309458777598,3035423602,374.1000061035156,469.20001220703125,-274.20001220703125,0.0,309478779567,3035423602,375.45001220703125,468.3000183105469,-273.6000061035156,0.0,309498784473,3035423602,375.1500244140625,471.45001220703125,-275.70001220703125,0.0,309518775708,3035423602,374.1000061035156,469.8000183105469,-274.6500244140625,0.0,309538774089,3035423602,373.8000183105469,471.1500244140625,-272.8500061035156,0.0,309558773882,3035423602,374.8500061035156,473.4000244140625,-274.6500244140625,0.0,309578780694,3035423602,373.0500183105469,471.7500305175781,-274.6500244140625,0.0,-0.7066057,-0.7050458,-0.06015697,0.0,0.11611226,-0.03166592,-0.9927312,0.0,0.69801605,-0.7084545,0.1042397,0.0,-0.1800993,0.3887819,0.55795103,1.0
3037623391,309598784061,3037623391,373.8000183105469,474.1500244140625,-273.1500244140625,0.0,309618775232,3037623391,373.8000183105469,473.70001220703125,-273.6000061035156,0.0,309638776216,3037623391,374.25,475.95001220703125,-272.70001220703125,0.0,309658772882,3037623391,374.70001220703125,475.5000305175781,-271.20001220703125,0.0,309678779614,3037623391,374.70001220703125,477.1500244140625,-272.25,0.0,309698782759,3037623391,374.25,478.20001220703125,-269.8500061035156,0.0,309718776693,3037623391,376.6500244140625,479.1000061035156,-270.1500244140625,0.0,309738774533,3037623391,374.70001220703125,480.1500244140625,-267.75,0.0,309758773390,3037623391,375.6000061035156,479.8500061035156,-271.6500244140625,0.0,309778778916,3037623391,375.3000183105469,480.45001220703125,-269.1000061035156,0.0,309798784791,3037623391,375.1500244140625,481.95001220703125,-271.0500183105469,0.0,-0.8265797,-0.56281674,0.0017564595,0.0,0.06459433,-0.0979656,-0.9930912,0.0,0.5591005,-0.8207557,0.11733127,0.0,-0.042583644,0.26605025,0.5382089,1.0
3039866128,309818774882,3039866128,377.1000061035156,482.2500305175781,-270.0,0.0,309838774025,3039866128,377.8500061035156,484.8000183105469,-269.4000244140625,0.0,309858773009,3039866128,378.0,486.6000061035156,-270.6000061035156,0.0,309878780297,3039866128,378.45001220703125,486.1500244140625,-271.0500183105469,0.0,309898784061,3039866128,378.6000061035156,486.3000183105469,-272.70001220703125,0.0,309918773866,3039866128,378.3000183105469,487.6500244140625,-271.20001220703125,0.0,309938773152,3039866128,379.20001220703125,489.7500305175781,-273.9000244140625,0.0,309958775105,3039866128,379.6500244140625,489.9000244140625,-272.70001220703125,0.0,309978792635,3039866128,382.20001220703125,491.70001220703125,-274.20001220703125,0.0,309998783664,3039866128,381.45001220703125,492.0000305175781,-273.9000244140625,0.0,310018773183,3039866128,380.5500183105469,491.4000244140625,-274.20001220703125,0.0,-0.9182056,-0.3946134,-0.03433679,0.0,0.06776224,-0.07107937,-0.9951664,0.0,0.39026535,-0.91609395,0.09200525,0.0,0.052079767,0.08596836,0.55089486,1.0
3042022656,310038773183,3042022656,381.6000061035156,492.9000244140625,-274.8000183105469,0.0,310058776994,3042022656,382.3500061035156,493.8000183105469,-275.8500061035156,0.0,310078773834,3042022656,383.4000244140625,493.8000183105469,-275.1000061035156,0.0,310098786157,3042022656,385.6500244140625,494.8500061035156,-273.3000183105469,0.0,310118774549,3042022656,382.20001220703125,493.6500244140625,-274.20001220703125,0.0,310138775597,3042022656,384.3000183105469,494.8500061035156,-275.4000244140625,0.0,310158780758,3042022656,384.1500244140625,495.9000244140625,-276.0,0.0,310178775534,3042022656,382.6500244140625,496.0500183105469,-275.1000061035156,0.0,310198785887,3042022656,384.45001220703125,495.3000183105469,-274.95001220703125,0.0,310218774406,3042022656,383.25,495.3000183105469,-274.6500244140625,0.0,310238774009,3042022656,384.7500305175781,495.1500244140625,-275.8500061035156,0.0,-0.9518781,-0.3041367,-0.03780824,0.0,0.054058567,-0.04518664,-0.99751496,0.0,0.30167243,-0.9515562,0.05945313,0.0,0.08030775,-0.13466153,0.5759873,1.0
3044222499,310258780154,3044222499,384.45001220703125,496.6500244140625,-276.0,0.0,310278779408,3044222499,385.3500061035156,496.3500061035156,-276.1500244140625,0.0,310298781552,3044222499,386.1000061035156,498.3000183105469,-277.20001220703125,0.0,310318772342,3044222499,385.5000305175781,497.2500305175781,-276.75,0.0,310338772517,3044222499,386.4000244140625,496.3500061035156,-280.3500061035156,0.0,310358779678,3044222499,387.0000305175781,497.4000244140625,-278.5500183105469,0.0,310378781441,3044222499,387.1500244140625,497.5500183105469,-280.20001220703125,0.0,310398783616,3044222499,387.0000305175781,499.6500244140625,-281.1000061035156,0.0,310418775549,3044222499,389.4000244140625,498.3000183105469,-280.0500183105469,0.0,310438770992,3044222499,387.3000183105469,499.3500061035156,-282.1500244140625,0.0,310458781520,3044222499,390.45001220703125,499.0500183105469,-282.45001220703125,0.0,-0.974066,-0.19579646,-0.11339578,0.0,0.109883785,0.028743684,-0.9935286,0.0,0.1977888,-0.98022306,-0.006483078,0.0,0.058327034,-0.36041382,0.6108059,1.0
3046421792,310478774470,3046421792,390.0000305175781,499.95001220703125,-284.25,0.0,310498784346,3046421792,391.6500244140625,501.9000244140625,-284.25,0.0,310518782123,3046421792,390.9000244140625,501.1500244140625,-283.6500244140625,0.0,310538774073,3046421792,391.6500244140625,502.6500244140625,-284.8500061035156,0.0,310558773914,3046421792,392.70001220703125,501.9000244140625,-285.9000244140625,0.0,310578775121,3046421792,392.5500183105469,502.5000305175781,-285.45001220703125,0.0,310598784346,3046421792,394.0500183105469,502.6500244140625,-284.8500061035156,0.0,310618775422,3046421792,393.3000183105469,503.1000061035156,-286.0500183105469,0.0,310638776042,3046421792,395.70001220703125,504.6000061035156,-285.9000244140625,0.0,310658773120,3046421792,395.1000061035156,504.6000061035156,-286.3500061035156,0.0,310678789317,3046421792,394.5000305175781,504.45001220703125,-284.70001220703125,0.0,-0.98091054,-0.11656015,-0.15565321,0.0,0.15227027,0.037441254,-0.98762935,0.0,0.12094608,-0.9924776,-0.018977642,0.0,0.03445527,-0.5198251,0.6309664,1.0
3048623781,310698782489,3048623781,393.6000061035156,504.45001220703125,-284.70001220703125,0.0,310718775168,3048623781,394.5000305175781,505.0500183105469,-285.45001220703125,0.0,310738776216,3048623781,393.9000244140625,503.70001220703125,-283.95001220703125,0.0,310758773310,3048623781,394.0500183105469,504.3000183105469,-284.8500061035156,0.0,310778773422,3048623781,392.1000061035156,503.5500183105469,-285.6000061035156,0.0,310798786045,3048623781,393.6000061035156,504.7500305175781,-286.0500183105469,0.0,310818773803,3048623781,394.20001220703125,503.4000244140625,-283.95001220703125,0.0,310838776994,3048623781,392.4000244140625,503.8500061035156,-283.8000183105469,0.0,310858773374,3048623781,392.4000244140625,504.9000244140625,-284.25,0.0,310878779694,3048623781,393.6000061035156,505.0500183105469,-284.4000244140625,0.0,310898782123,3048623781,393.6000061035156,505.0500183105469,-284.70001220703125,0.0,-0.9695368,-0.16057979,-0.18496537,0.0,0.18559723,0.011188328,-0.9825621,0.0,0.15984908,-0.9869594,0.018955827,0.0,0.036956385,-0.5710555,0.6414967,1.0
3050831863,310918776137,3050831863,391.3500061035156,504.6000061035156,-283.8000183105469,0.0,310938775581,3050831863,391.6500244140625,504.9000244140625,-284.5500183105469,0.0,310958773549,3050831863,391.6500244140625,504.3000183105469,-283.20001220703125,0.0,310978777058,3050831863,391.5000305175781,505.6500244140625,-284.4000244140625,0.0,310998781758,3050831863,391.0500183105469,504.6000061035156,-283.20001220703125,0.0,311018773120,3050831863,391.6500244140625,503.8500061035156,-283.5,0.0,311038773485,3050831863,391.20001220703125,503.1000061035156,-282.9000244140625,0.0,311058773850,3050831863,389.1000061035156,505.20001220703125,-284.8500061035156,0.0,311078782489,3050831863,390.1500244140625,503.70001220703125,-282.3000183105469,0.0,311098784569,3050831863,390.45001220703125,504.9000244140625,-282.75,0.0,311118776248,3050831863,389.5500183105469,502.0500183105469,-283.95001220703125,0.0,-0.9571575,-0.2307566,-0.1749317,0.0,0.1790085,0.0033187866,-0.983842,0.0,0.22760859,-0.9730059,0.03813076,0.0,0.042755455,-0.56005645,0.6413527,1.0
3053036753,311138774216,3053036753,388.8000183105469,502.0500183105469,-282.6000061035156,0.0,311158774628,3053036753,388.8000183105469,502.0500183105469,-282.9000244140625,0.0,311178777026,3053036753,387.3000183105469,501.6000061035156,-283.20001220703125,0.0,311198784204,3053036753,388.3500061035156,503.5500183105469,-282.45001220703125,0.0,311218773199,3053036753,388.20001220703125,502.0500183105469,-282.3000183105469,0.0,311238773453,3053036753,387.3000183105469,500.70001220703125,-281.1000061035156,0.0,311258771516,3053036753,386.5500183105469,501.1500244140625,-280.8000183105469,0.0,311278780281,3053036753,387.6000061035156,500.8500061035156,-280.20001220703125,0.0,311298782886,3053036753,386.2500305175781,502.0500183105469,-281.5500183105469,0.0,311318775105,3053036753,386.4000244140625,500.4000244140625,-279.6000061035156,0.0,311338773596,3053036753,386.4000244140625,500.70001220703125,-281.4000244140625,0.0,-0.93816566,-0.3145085,-0.14466976,0.0,0.15608954,-0.011289597,-0.98767835,0.0,0.30899996,-0.94918746,0.059683084,0.0,0.03897725,-0.5431632,0.64067364,1.0
3055222798,311358775184,3055222798,386.4000244140625,499.95001220703125,-280.6500244140625,0.0,311378791730,3055222798,384.3000183105469,498.0000305175781,-280.0500183105469,0.0,311398782092,3055222798,384.1500244140625,500.5500183105469,-280.8000183105469,0.0,311418774438,3055222798,385.0500183105469,498.3000183105469,-279.6000061035156,0.0,311438775057,3055222798,385.3500061035156,499.0500183105469,-281.4000244140625,0.0,311458778122,3055222798,384.0,497.1000061035156,-281.70001220703125,0.0,311478775915,3055222798,383.4000244140625,496.0500183105469,-278.5500183105469,0.0,311498785188,3055222798,382.6500244140625,496.3500061035156,-279.0,0.0,311518775073,3055222798,382.95001220703125,494.8500061035156,-280.0500183105469,0.0,311538775454,3055222798,382.20001220703125,495.9000244140625,-280.8000183105469,0.0,311558773723,3055222798,382.20001220703125,495.3000183105469,-280.20001220703125,0.0,-0.90765464,-0.39679205,-0.13682032,0.0,0.15685016,-0.018302202,-0.987453,0.0,0.38930935,-0.9177263,0.07884866,0.0,0.028583914,-0.5072857,0.64314204,1.0
3057422807,311578773326,3057422807,382.0500183105469,495.7500305175781,-280.0500183105469,0.0,311598797208,3057422807,380.5500183105469,495.9000244140625,-278.8500061035156,0.0,311618774104,3057422807,381.6000061035156,495.1500244140625,-279.6000061035156,0.0,311638776137,3057422807,380.70001220703125,493.5000305175781,-279.0,0.0,311658774724,3057422807,381.3000183105469,494.4000244140625,-277.5,0.0,311678770913,3057422807,379.95001220703125,493.20001220703125,-280.3500061035156,0.0,311698788030,3057422807,379.95001220703125,494.1000061035156,-278.5500183105469,0.0,311718772818,3057422807,381.3000183105469,491.5500183105469,-276.9000244140625,0.0,311738784458,3057422807,380.8500061035156,493.3500061035156,-278.1000061035156,0.0,311758772532,3057422807,379.20001220703125,491.1000061035156,-276.75,0.0,311778774565,3057422807,378.75,490.6500244140625,-278.1000061035156,0.0,-0.8588786,-0.4951629,-0.13092344,0.0,0.16502488,-0.02554977,-0.98595834,0.0,0.48486495,-0.8684243,0.1036585,0.0,0.015011087,-0.46570903,0.64679784,1.0
3059632167,311798787252,3059632167,378.0,490.95001220703125,-279.0,0.0,311818776931,3059632167,377.8500061035156,490.3500061035156,-278.1000061035156,0.0,311838789793,3059632167,378.1500244140625,489.45001220703125,-277.0500183105469,0.0,311858776296,3059632167,379.0500183105469,488.5500183105469,-278.25,0.0,311878771929,3059632167,379.0500183105469,488.8500061035156,-277.5,0.0,311898787379,3059632167,377.25,488.5500183105469,-278.25,0.0,311918775915,3059632167,376.5,486.7500305175781,-276.3000183105469,0.0,311938785918,3059632167,376.5,486.45001220703125,-277.8000183105469,0.0,311958772326,3059632167,378.1500244140625,487.8000183105469,-278.1000061035156,0.0,311978773898,3059632167,377.25,486.9000244140625,-276.9000244140625,0.0,311998788697,3059632167,376.3500061035156,487.95001220703125,-277.95001220703125,0.0,-0.8252109,-0.55026406,-0.1274227,0.0,0.17131515,-0.028869987,-0.98479325,0.0,0.5382176,-0.83449155,0.1180923,0.0,0.00086948276,-0.43648905,0.6448497,1.0
3061831343,312018775692,3061831343,378.75,487.20001220703125,-277.8000183105469,0.0,312038782457,3061831343,376.20001220703125,485.8500061035156,-276.75,0.0,312058781472,3061831343,375.6000061035156,486.9000244140625,-278.25,0.0,312078781202,3061831343,376.95001220703125,486.6000061035156,-275.8500061035156,0.0,312098783568,3061831343,376.3500061035156,486.9000244140625,-276.9000244140625,0.0,312118775327,3061831343,376.8000183105469,486.45001220703125,-277.8000183105469,0.0,312138779900,3061831343,375.75,487.20001220703125,-276.75,0.0,312158773946,3061831343,375.6000061035156,485.4000244140625,-276.45001220703125,0.0,312178780059,3061831343,376.6500244140625,485.70001220703125,-274.8000183105469,0.0,312198781441,3061831343,376.20001220703125,484.8000183105469,-276.75,0.0,312218777900,3061831343,374.25,484.0500183105469,-276.45001220703125,0.0,-0.7976465,-0.5937142,-0.10612784,0.0,0.15376465,-0.030035615,-0.9876508,0.0,0.58319473,-0.8041151,0.11525017,0.0,-0.007358134,-0.41637266,0.63798994,1.0
3064037473,312238780440,3064037473,374.8500061035156,484.5000305175781,-274.6500244140625,0.0,312258774327,3064037473,375.45001220703125,483.6000061035156,-276.3000183105469,0.0,312278774470,3064037473,376.5,484.8000183105469,-276.0,0.0,312298786014,3064037473,375.1500244140625,482.5500183105469,-276.0,0.0,312318775311,3064037473,375.1500244140625,482.8500061035156,-277.0500183105469,0.0,312338777614,3064037473,375.45001220703125,483.1500244140625,-274.20001220703125,0.0,312358782838,3064037473,374.4000244140625,482.8500061035156,-276.75,0.0,312378773644,3064037473,375.0,483.0000305175781,-276.45001220703125,0.0,312398786760,3064037473,375.6000061035156,483.0000305175781,-276.45001220703125,0.0,312418772421,3064037473,374.70001220703125,483.45001220703125,-275.8500061035156,0.0,312438774628,3064037473,375.45001220703125,482.5500183105469,-276.0,0.0,-0.7773702,-0.6233873,-0.08417022,0.0,0.13070847,-0.02919054,-0.99099123,0.0,0.61531425,-0.7813685,0.10417342,0.0,0.0005966425,-0.36892238,0.6270051,1.0
3066226712,312458779408,3066226712,374.25,483.0000305175781,-274.3500061035156,0.0,312478774057,3066226712,374.8500061035156,482.2500305175781,-275.25,0.0,312498783537,3066226712,374.1000061035156,480.6000061035156,-275.25,0.0,312518775756,3066226712,374.4000244140625,480.0000305175781,-273.1500244140625,0.0,312538771929,3066226712,373.3500061035156,481.0500183105469,-274.3500061035156,0.0,312558780774,3066226712,373.5,480.0000305175781,-272.8500061035156,0.0,312578773565,3066226712,372.45001220703125,477.7500305175781,-273.1500244140625,0.0,312598784870,3066226712,372.1500244140625,476.4000244140625,-272.5500183105469,0.0,312618777900,3066226712,372.9000244140625,473.2500305175781,-271.6500244140625,0.0,312638772104,3066226712,371.4000244140625,473.4000244140625,-274.20001220703125,0.0,312658773088,3066226712,372.45001220703125,473.1000061035156,-272.1000061035156,0.0,-0.6380925,-0.7699541,-0.003033787,0.0,0.05356404,-0.040459514,-0.99774456,0.0,0.76809466,-0.63681555,0.067058444,0.0,0.006995335,-0.19538063,0.5942766,1.0
3068429562,312678780297,3068429562,370.95001220703125,472.0500183105469,-270.6000061035156,0.0,312698784124,3068429562,371.4000244140625,470.2500305175781,-270.0,0.0,312718774549,3068429562,371.8500061035156,468.9000244140625,-270.75,0.0,312738776518,3068429562,370.5,468.3000183105469,-269.4000244140625,0.0,312758785236,3068429562,372.45001220703125,466.95001220703125,-268.95001220703125,0.0,312778781710,3068429562,371.4000244140625,463.0500183105469,-268.6500244140625,0.0,312798783632,3068429562,370.5,463.6500244140625,-268.6500244140625,0.0,312818776613,3068429562,370.6500244140625,461.2500305175781,-267.75,0.0,312838777153,3068429562,370.6500244140625,460.20001220703125,-268.8000183105469,0.0,312858774994,3068429562,372.0,460.20001220703125,-267.75,0.0,312878787506,3068429562,372.45001220703125,457.5000305175781,-268.95001220703125,0.0,-0.4268192,-0.9039407,0.026763499,0.0,0.045336485,-0.050945282,-0.9976717,0.0,0.9031997,-0.42461225,0.06272608,0.0,-0.033190876,0.071539424,0.57078326,1.0
3070623978,312898784394,3070623978,371.25,456.3000183105469,-268.20001220703125,0.0,312918775946,3070623978,373.0500183105469,455.5500183105469,-267.9000244140625,0.0,312938775311,3070623978,371.1000061035156,455.2500305175781,-267.9000244140625,0.0,312958772771,3070623978,370.95001220703125,454.0500183105469,-266.4000244140625,0.0,312978777423,3070623978,373.5,452.2500305175781,-267.6000061035156,0.0,312998783965,3070623978,373.95001220703125,451.8000183105469,-267.1500244140625,0.0,313018777233,3070623978,372.75,450.9000244140625,-265.8000183105469,0.0,313038775121,3070623978,372.6000061035156,448.5000305175781,-265.3500061035156,0.0,313058779662,3070623978,373.0500183105469,449.70001220703125,-266.25,0.0,313078774073,3070623978,373.95001220703125,447.9000244140625,-266.4000244140625,0.0,313098787935,3070623978,374.4000244140625,446.70001220703125,-266.8500061035156,0.0,-0.24094462,-0.9702685,0.022911966,0.0,0.0398387,-0.03347516,-0.9986453,0.0,0.96972096,-0.23970532,0.04671985,0.0,-0.11673902,0.34040058,0.54258287,1.0
3072832487,313118775534,3072832487,373.95001220703125,445.6500244140625,-266.1000061035156,0.0,313138775264,3072832487,373.8000183105469,444.7500305175781,-266.8500061035156,0.0,313158772342,3072832487,375.0,443.70001220703125,-266.4000244140625,0.0,313178772088,3072832487,373.95001220703125,444.6000061035156,-266.70001220703125,0.0,313198785029,3072832487,375.1500244140625,443.5500183105469,-265.8000183105469,0.0,313218777455,3072832487,375.9000244140625,442.3500061035156,-265.3500061035156,0.0,313238775946,3072832487,374.1000061035156,443.5500183105469,-266.25,0.0,313258786871,3072832487,374.8500061035156,442.8000183105469,-266.5500183105469,0.0,313278773803,3072832487,375.75,442.5000305175781,-265.5,0.0,313298784521,3072832487,377.8500061035156,440.2500305175781,-264.75,0.0,313318777090,3072832487,377.25,439.0500183105469,-265.6500244140625,0.0,-0.07239866,-0.99735487,0.0064184666,0.0,-0.03418684,-0.0039497614,-0.9994074,0.0,0.99678946,-0.07257542,-0.03381014,0.0,-0.21557017,0.51781106,0.5197392,1.0
3075036900,313338775168,3075036900,377.8500061035156,436.95001220703125,-264.75,0.0,313358783489,3075036900,379.20001220703125,436.95001220703125,-264.1500244140625,0.0,313378773914,3075036900,378.3000183105469,436.8000183105469,-265.0500183105469,0.0,313398785982,3075036900,380.1000061035156,435.0000305175781,-265.20001220703125,0.0,313418777725,3075036900,379.0500183105469,433.20001220703125,-264.3000183105469,0.0,313438772993,3075036900,380.70001220703125,433.20001220703125,-266.70001220703125,0.0,313458780774,3075036900,379.95001220703125,432.9000244140625,-265.6500244140625,0.0,313478774136,3075036900,381.45001220703125,432.0000305175781,-264.45001220703125,0.0,313498787236,3075036900,380.4000244140625,432.3000183105469,-264.0,0.0,313518777503,3075036900,381.6000061035156,432.9000244140625,-264.0,0.0,313538774628,3075036900,382.5,432.0000305175781,-263.70001220703125,0.0,0.040338397,-0.99913114,-0.01046446,0.0,-0.08529371,0.006991744,-0.99633116,0.0,0.99553883,0.0410828,-0.084937334,0.0,-0.28307673,0.56903,0.50373423,1.0
3077222960,313558790285,3077222960,382.0500183105469,431.8500061035156,-263.5500183105469,0.0,313578779297,3077222960,382.95001220703125,432.3000183105469,-265.0500183105469,0.0,313598789475,3077222960,381.9000244140625,432.7500305175781,-262.3500061035156,0.0,313618779027,3077222960,381.45001220703125,432.45001220703125,-264.1500244140625,0.0,313638771786,3077222960,381.3000183105469,432.6000061035156,-263.25,0.0,313658776121,3077222960,381.9000244140625,432.45001220703125,-261.6000061035156,0.0,313678783378,3077222960,382.20001220703125,433.3500061035156,-263.1000061035156,0.0,313698787538,3077222960,380.4000244140625,434.2500305175781,-263.25,0.0,313718776645,3077222960,381.0,433.5000305175781,-261.9000244140625,0.0,313738772294,3077222960,379.0500183105469,434.8500061035156,-262.5,0.0,313758787459,3077222960,381.3000183105469,434.5500183105469,-262.5,0.0,-0.01062119,-0.9998566,0.013189465,0.0,-0.14507589,-0.011509776,-0.9893536,0.0,0.98936355,-0.012421548,-0.14493275,0.0,-0.28808028,0.5679384,0.48854452,1.0
3079424676,313778773612,3079424676,380.70001220703125,436.5000305175781,-262.5,0.0,313798788538,3079424676,381.45001220703125,434.1000061035156,-263.1000061035156,0.0,313818777741,3079424676,379.95001220703125,435.1500244140625,-261.45001220703125,0.0,313838776724,3079424676,379.95001220703125,435.1500244140625,-262.20001220703125,0.0,313858775470,3079424676,379.8000183105469,435.6000061035156,-260.25,0.0,313878780917,3079424676,379.5,437.2500305175781,-261.6000061035156,0.0,313898783918,3079424676,379.5,436.0500183105469,-261.0,0.0,313918779217,3079424676,379.20001220703125,435.3000183105469,-263.70001220703125,0.0,313938775041,3079424676,378.75,436.6500244140625,-261.6000061035156,0.0,313958773962,3079424676,379.8000183105469,435.3000183105469,-262.6500244140625,0.0,313978773088,3079424676,379.8000183105469,436.0500183105469,-264.1500244140625,0.0,-0.05866146,-0.99826247,-0.0055564344,0.0,-0.17300957,0.015648067,-0.9847958,0.0,0.9831717,-0.056808203,-0.1736269,0.0,-0.25277138,0.5637419,0.4925862,1.0
3081624407,313998784045,3081624407,377.1000061035156,436.95001220703125,-262.3500061035156,0.0,314018777947,3081624407,378.75,435.6000061035156,-262.3500061035156,0.0,314038774851,3081624407,379.20001220703125,437.2500305175781,-265.20001220703125,0.0,314058772739,3081624407,379.20001220703125,438.0000305175781,-263.1000061035156,0.0,314078779773,3081624407,379.3500061035156,436.5000305175781,-264.0,0.0,314098785045,3081624407,379.6500244140625,439.0500183105469,-263.5500183105469,0.0,314118778106,3081624407,377.8500061035156,438.0000305175781,-263.4000244140625,0.0,314138775486,3081624407,378.3000183105469,439.3500061035156,-262.5,0.0,314158773041,3081624407,377.70001220703125,439.0500183105469,-264.0,0.0,314178772739,3081624407,375.3000183105469,441.0000305175781,-264.0,0.0,314198787236,3081624407,375.0,441.0000305175781,-264.3000183105469,0.0,-0.1783737,-0.9839604,0.0022363663,0.0,-0.26017627,0.044972777,-0.96451336,0.0,0.94894224,-0.1726256,-0.2640252,0.0,-0.18339026,0.5429946,0.506382,1.0
3083834188,314218778328,3083834188,376.6500244140625,441.7500305175781,-262.5,0.0,314238773453,3083834188,377.1000061035156,442.8000183105469,-263.70001220703125,0.0,314258773676,3083834188,375.3000183105469,443.2500305175781,-262.95001220703125,0.0,314278792381,3083834188,375.1500244140625,443.5500183105469,-262.0500183105469,0.0,314298782330,3083834188,375.6000061035156,444.6000061035156,-261.9000244140625,0.0,314318778757,3083834188,375.45001220703125,445.8000183105469,-261.3000183105469,0.0,314338775359,3083834188,375.45001220703125,447.45001220703125,-261.3000183105469,0.0,314358778074,3083834188,376.20001220703125,446.70001220703125,-259.20001220703125,0.0,314378775025,3083834188,374.70001220703125,447.9000244140625,-258.0,0.0,314398782362,3083834188,374.25,448.20001220703125,-258.0,0.0,314418778805,3083834188,375.1500244140625,448.95001220703125,-258.1500244140625,0.0,-0.25290728,-0.95854294,0.13127723,0.0,-0.68407273,0.081213474,-0.7248788,0.0,0.68416584,-0.27313015,-0.6762526,0.0,-0.12572409,0.5225539,0.48645175,1.0
3086036980,314438772120,3086036980,375.75,450.0000305175781,-256.0500183105469,0.0,314458779662,3086036980,375.9000244140625,451.5000305175781,-256.95001220703125,0.0,314478773152,3086036980,374.1000061035156,452.2500305175781,-254.70001220703125,0.0,314498785029,3086036980,376.3500061035156,453.45001220703125,-255.90000915527344,0.0,314518777248,3086036980,374.1000061035156,452.5500183105469,-254.40000915527344,0.0,314538773009,3086036980,374.1000061035156,454.95001220703125,-255.00001525878906,0.0,314558773485,3086036980,374.25,454.6500244140625,-253.8000030517578,0.0,314578773644,3086036980,373.3500061035156,457.0500183105469,-254.10000610351562,0.0,314598818725,3086036980,373.5,456.9000244140625,-253.35000610351562,0.0,314618776899,3086036980,374.1000061035156,458.8500061035156,-252.90000915527344,0.0,314638773882,3086036980,373.95001220703125,457.3500061035156,-253.50001525878906,0.0,-0.24959004,-0.9348736,0.2524201,0.0,-0.87350786,0.10485113,-0.47538412,0.0,0.41795757,-0.3391422,-0.8427892,0.0,-0.06938508,0.5159685,0.45511785,1.0
3088223194,314658779614,3088223194,373.95001220703125,459.0000305175781,-253.0500030517578,0.0,314678773231,3088223194,374.70001220703125,458.70001220703125,-252.75001525878906,0.0,314698787967,3088223194,374.25,459.9000244140625,-252.75001525878906,0.0,314718778693,3088223194,374.4000244140625,459.45001220703125,-252.60000610351562,0.0,314738775089,3088223194,374.70001220703125,461.5500183105469,-252.45001220703125,0.0,314758772469,3088223194,373.95001220703125,461.2500305175781,-250.95001220703125,0.0,314778770722,3088223194,374.8500061035156,463.3500061035156,-251.5500030517578,0.0,314798786697,3088223194,373.8000183105469,463.3500061035156,-252.3000030517578,0.0,314818777010,3088223194,374.25,462.6000061035156,-252.45001220703125,0.0,314838775279,3088223194,374.70001220703125,462.9000244140625,-250.95001220703125,0.0,314858773549,3088223194,375.45001220703125,463.95001220703125,-250.50001525878906,0.0,-0.18500662,-0.91591793,0.35618326,0.0,-0.9487935,0.072038054,-0.30757314,0.0,0.25605312,-0.3948475,-0.88234437,0.0,-0.04389061,0.50156355,0.39827245,1.0
3090422808,314878772247,3090422808,375.6000061035156,465.1500244140625,-250.35000610351562,0.0,314898782965,3090422808,374.25,465.45001220703125,-250.35000610351562,0.0,314918778122,3090422808,375.1500244140625,466.6500244140625,-249.45001220703125,0.0,314938777042,3090422808,374.4000244140625,467.2500305175781,-249.45001220703125,0.0,314958777963,3090422808,375.75,468.3000183105469,-248.40000915527344,0.0,314978804783,3090422808,375.75,469.20001220703125,-249.75001525878906,0.0,314998781298,3090422808,375.6000061035156,470.1000061035156,-249.3000030517578,0.0,315018777661,3090422808,375.1500244140625,470.2500305175781,-247.65000915527344,0.0,315038776280,3090422808,375.9000244140625,470.4000244140625,-248.5500030517578,0.0,315058787697,3090422808,377.5500183105469,470.5500183105469,-247.0500030517578,0.0,315078771850,3090422808,376.3500061035156,471.3000183105469,-248.25001525878906,0.0,-0.10620129,-0.8902688,0.44288003,0.0,-0.98490906,0.032969713,-0.16990322,0.0,0.1366579,-0.4542405,-0.8803352,0.0,-0.056146234,0.48653904,0.3010815,1.0
3092622778,315098786506,3092622778,376.6500244140625,470.70001220703125,-247.50001525878906,0.0,315118779360,3092622778,376.8000183105469,471.1500244140625,-247.35000610351562,0.0,315138775470,3092622778,376.3500061035156,472.0500183105469,-246.75001525878906,0.0,315158773358,3092622778,376.95001220703125,472.95001220703125,-247.20001220703125,0.0,315178772739,3092622778,377.70001220703125,473.5500183105469,-246.45001220703125,0.0,315198785045,3092622778,379.0500183105469,474.0000305175781,-246.15000915527344,0.0,315218777518,3092622778,377.1000061035156,473.1000061035156,-245.25001525878906,0.0,315238773533,3092622778,379.20001220703125,472.5000305175781,-246.3000030517578,0.0,315258774581,3092622778,379.20001220703125,472.20001220703125,-243.45001220703125,0.0,315278771738,3092622778,377.70001220703125,473.5500183105469,-244.0500030517578,0.0,315298781917,3092622778,378.45001220703125,473.70001220703125,-243.90000915527344,0.0,-0.018316269,-0.8787951,0.47684807,0.0,-0.99243885,-0.04191327,-0.11536333,0.0,0.12136693,-0.47535548,-0.8713827,0.0,-0.064805225,0.47994614,0.14731216,1.0
3094832834,315318777963,3094832834,379.6500244140625,474.3000183105469,-243.3000030517578,0.0,315338775835,3094832834,378.45001220703125,474.45001220703125,-243.90000915527344,0.0,315358774597,3094832834,379.5,473.4000244140625,-243.90000915527344,0.0,315378788666,3094832834,381.9000244140625,475.3500061035156,-243.45001220703125,0.0,315398781186,3094832834,378.1500244140625,475.0500183105469,-243.45001220703125,0.0,315418777725,3094832834,381.3000183105469,474.3000183105469,-243.75001525878906,0.0,315438772389,3094832834,381.1500244140625,475.0500183105469,-243.45001220703125,0.0,315458772675,3094832834,379.8000183105469,475.3500061035156,-243.15000915527344,0.0,315478779916,3094832834,380.8500061035156,476.70001220703125,-242.10000610351562,0.0,315498783314,3094832834,382.3500061035156,475.5000305175781,-242.70001220703125,0.0,315518779551,3094832834,381.3000183105469,476.5500183105469,-242.70001220703125,0.0,0.016613424,-0.8474154,0.5306704,0.0,-0.99413735,-0.07071245,-0.081796244,0.0,0.1068404,-0.5262004,-0.84362197,0.0,-0.058598652,0.43533382,-0.027045399,1.0
3097062619,315538776534,3097062619,379.5,477.0000305175781,-243.15000915527344,0.0,315558773787,3097062619,381.6000061035156,477.45001220703125,-242.70001220703125,0.0,315578786792,3097062619,383.4000244140625,477.9000244140625,-242.25001525878906,0.0,315598780647,3097062619,381.1500244140625,477.7500305175781,-242.40000915527344,0.0,315618778519,3097062619,382.0500183105469,478.8000183105469,-242.70001220703125,0.0,315638776073,3097062619,382.0500183105469,478.5000305175781,-243.3000030517578,0.0,315658779583,3097062619,383.4000244140625,478.8000183105469,-242.25001525878906,0.0,315678782457,3097062619,381.6000061035156,478.20001220703125,-243.75001525878906,0.0,315698816311,3097062619,382.5,478.3500061035156,-242.85000610351562,0.0,315718776391,3097062619,382.5,478.0500183105469,-242.85000610351562,0.0,315738777169,3097062619,382.0500183105469,479.5500183105469,-243.00001525878906,0.0,0.025549829,-0.8136307,0.58082014,0.0,-0.9922235,-0.09143996,-0.08444515,0.0,0.121817395,-0.5741459,-0.8096397,0.0,-0.040997356,0.37366897,-0.15610221,1.0
3099223793,315758781314,3099223793,382.20001220703125,478.3500061035156,-243.15000915527344,0.0,315778792651,3099223793,382.20001220703125,479.70001220703125,-243.15000915527344,0.0,315798783219,3099223793,382.3500061035156,480.7500305175781,-243.75001525878906,0.0,315818777518,3099223793,382.0500183105469,480.7500305175781,-243.3000030517578,0.0,315838775597,3099223793,384.3000183105469,479.8500061035156,-243.3000030517578,0.0,315858773787,3099223793,382.6500244140625,479.1000061035156,-243.3000030517578,0.0,315878779726,3099223793,383.5500183105469,480.0000305175781,-244.20001220703125,0.0,315898808070,3099223793,383.8500061035156,481.20001220703125,-244.20001220703125,0.0,315918777487,3099223793,382.95001220703125,481.8000183105469,-243.00001525878906,0.0,315938776582,3099223793,382.95001220703125,481.5000305175781,-243.3000030517578,0.0,315958775216,3099223793,383.8500061035156,481.95001220703125,-245.25001525878906,0.0,0.015169919,-0.7815641,0.62364054,0.0,-0.9938489,-0.08021617,-0.07635385,0.0,0.109701455,-0.61864614,-0.77797353,0.0,-0.033675663,0.32443723,-0.22766834,1.0
3101424284,315978783124,3101424284,382.8000183105469,481.20001220703125,-244.95001220703125,0.0,315998784728,3101424284,382.3500061035156,481.5000305175781,-244.8000030517578,0.0,316018777630,3101424284,382.5,482.8500061035156,-245.25001525878906,0.0,316038772072,3101424284,382.95001220703125,482.70001220703125,-246.15000915527344,0.0,316058775438,3101424284,383.25,483.6000061035156,-243.45001220703125,0.0,316078780758,3101424284,384.1500244140625,482.8500061035156,-245.5500030517578,0.0,316098796573,3101424284,383.70001220703125,483.45001220703125,-243.75001525878906,0.0,316118781314,3101424284,383.8500061035156,484.20001220703125,-245.25001525878906,0.0,316138775661,3101424284,383.70001220703125,482.70001220703125,-245.40000915527344,0.0,316158774120,3101424284,383.70001220703125,482.70001220703125,-246.75001525878906,0.0,316178779900,3101424284,384.45001220703125,484.8000183105469,-245.25001525878906,0.0,0.013417006,-0.75847274,0.6515666,0.0,-0.99490315,-0.0752548,-0.06711519,0.0,0.09993854,-0.6473452,-0.75561666,0.0,-0.03876291,0.30003354,-0.25750974,1.0
3103646109,316198788046,3103646109,384.9000244140625,482.2500305175781,-244.95001220703125,0.0,316218780170,3103646109,384.1500244140625,483.1500244140625,-246.00001525878906,0.0,316238772183,3103646109,382.95001220703125,483.7500305175781,-245.40000915527344,0.0,316258775152,3103646109,385.3500061035156,483.0000305175781,-244.0500030517578,0.0,316278779011,3103646109,385.0500183105469,483.0000305175781,-245.10000610351562,0.0,316298787221,3103646109,383.8500061035156,484.20001220703125,-246.3000030517578,0.0,316318779424,3103646109,384.9000244140625,483.9000244140625,-244.95001220703125,0.0,316338777550,3103646109,383.70001220703125,483.7500305175781,-245.40000915527344,0.0,316358807530,3103646109,384.7500305175781,484.3500061035156,-246.45001220703125,0.0,316378775883,3103646109,383.8500061035156,482.8500061035156,-246.3000030517578,0.0,316398779567,3103646109,384.3000183105469,484.0500183105469,-245.10000610351562,0.0,0.009569168,-0.7505833,0.66070664,0.0,-0.994527,-0.075891495,-0.07181096,0.0,0.10404208,-0.65640336,-0.74720144,0.0,-0.04563385,0.29684892,-0.2644348,1.0
